Qubit,T1 (us),T2 (us),Frequency (GHz),Anharmonicity (GHz),Readout assignment error ,Prob meas0 prep1 ,Prob meas1 prep0 ,Readout length (ns),ID error ,âˆšx (sx) error ,Pauli-X error ,ECR error ,Gate time (ns)
0,225.35096373681404,178.48760722806017,5.0150014299091055,-0.3073897230302147,0.010699999999999932,0.010399999999999965,0.011,4000,0.00011162018020984998,0.00011162018020984998,0.00011162018020984998,0_1:0.0047166197968691315,0_1:460
1,223.07846533462728,346.037856606233,4.955834467579982,-0.307753992139621,0.011600000000000055,0.010800000000000032,0.0124,4000,0.00013438790348448932,0.00013438790348448932,0.00013438790348448932,undefined,undefined
2,182.0949857904655,182.38380468044048,4.806656347240444,-0.31037869033292903,0.0039000000000000146,0.00539999999999996,0.0024,4000,0.0002278004559792312,0.0002278004559792312,0.0002278004559792312,2_1:0.004558013366884661,2_1:460
3,155.8432742625325,71.5681676286207,5.232295881433052,-0.3037265291936018,0.07220000000000004,0.0852,0.05920000000000003,4000,0.0015527491541657776,0.0015527491541657776,0.0015527491541657776,3_2:0.013835429338050542,3_2:940
4,189.19532282793296,165.46441079993082,5.138321803510791,-0.30539509166825984,0.008799999999999919,0.009399999999999964,0.0082,4000,0.0001393577236999666,0.0001393577236999666,0.0001393577236999666,4_3:0.009742634003324396; 4_15:0.005306706885429779,4_3:460; 4_15:460
5,145.19569756984345,181.95551789234216,4.9880533200299455,-0.3075531678616803,0.013599999999999945,0.012599999999999945,0.0146,4000,0.0001437027736553701,0.0001437027736553701,0.0001437027736553701,5_4:0.004986336116620305; 5_6:0.005047798638106588,5_4:460; 5_6:460
6,188.32085106420624,169.4833475810963,4.898885044659499,-0.30753844283129655,0.014699999999999935,0.01639999999999997,0.013,4000,0.00022951170570622662,0.00022951170570622662,0.00022951170570622662,undefined,undefined
7,180.7783159451569,146.04882450278077,5.022889892125666,-0.3068078211557421,0.04289999999999994,0.0448,0.041000000000000036,4000,0.0002503825660613412,0.0002503825660613412,0.0002503825660613412,7_6:0.00609918961190925,7_6:460
8,87.17766483973176,81.02418594017391,5.111757311670452,-0.3057127715447243,0.01970000000000005,0.0216,0.017800000000000038,4000,0.00033107816599565077,0.00033107816599565077,0.00033107816599565077,8_7:0.019340996620778067,8_7:460
9,186.62168091211007,40.777642482652254,5.1532624912215335,-0.3057355730459039,0.021700000000000053,0.025800000000000045,0.0176,4000,0.0004368680196087607,0.0004368680196087607,0.0004368680196087607,9_8:0.011780442636414812,9_8:460
10,191.66263055072812,206.61203154103706,4.9970195264764,-0.30693756037597947,0.008000000000000007,0.0078,0.008199999999999985,4000,0.0001627742864033582,0.0001627742864033582,0.0001627742864033582,10_9:0.008587462797672696,10_9:460
11,221.70063262219452,34.92708404878385,5.174527340172033,-0.3039492480369073,0.01649999999999996,0.0174,0.015599999999999947,4000,0.00019151476668131717,0.00019151476668131717,0.00019151476668131717,11_10:0.004778901560073767; 11_12:0.0072984118187540414,11_10:460; 11_12:460
12,279.45926750035574,21.907597322355063,4.935415624709854,-0.30846168737112517,0.040899999999999936,0.0414,0.04039999999999999,4000,0.0002564463074331954,0.0002564463074331954,0.0002564463074331954,12_17:0.013440898317883532,12_17:940
13,172.71938654068973,62.2056343757958,5.1686765453976,-0.3044389397788277,0.009099999999999997,0.007800000000000029,0.0104,4000,0.00022278359497744066,0.00022278359497744066,0.00022278359497744066,13_12:0.009937221360352383,13_12:460
14,129.20388649408181,98.17924540477895,4.930150054859472,-0.3079761596005233,0.00990000000000002,0.0104,0.009399999999999964,4000,0.0004558965222744085,0.0004558965222744085,0.0004558965222744085,14_0:0.00497421618055785,14_0:460
15,260.4255929596097,55.08338307620129,5.015156569861146,-0.3069916034117212,0.023499999999999965,0.023599999999999954,0.0234,4000,0.0002773424477952653,0.0002773424477952653,0.0002773424477952653,undefined,undefined
16,167.14542798689334,27.78884013337048,5.27919135815243,-0.3023502001385665,0.02299999999999991,0.03059999999999996,0.0154,4000,0.0006332062859117633,0.0006332062859117633,0.0006332062859117633,16_8:0.01298065776664692,16_8:460
17,144.10820986857462,138.0075113509124,5.395518935947348,-0.2997888060723667,0.05510000000000004,0.04700000000000004,0.0632,4000,0.00019300809443792506,0.00019300809443792506,0.00019300809443792506,17_30:0.011679890978952029,17_30:940
18,275.5353125117132,30.977678394354474,5.058556140553281,-0.306808337131999,0.03380000000000005,0.03920000000000001,0.0284,4000,0.00026055647337000954,0.00026055647337000954,0.00026055647337000954,18_14:0.004951068882009163; 18_19:0.026705177749160036,18_14:460; 18_19:460
19,313.7416444676665,284.76613108602214,4.958150449511217,-0.30800402608638516,0.009000000000000008,0.01419999999999999,0.0038,4000,0.0001648653948050521,0.0001648653948050521,0.0001648653948050521,undefined,undefined
20,156.39087761378087,120.48748890541782,5.044060598947802,-0.3058713864428892,0.010099999999999998,0.0118,0.008399999999999963,4000,0.00022740520993209107,0.00022740520993209107,0.00022740520993209107,20_33:0.005193324319962778; 20_19:0.0053856618320215766,20_33:460; 20_19:460
21,184.4462591662544,162.56011817961064,5.159920927327969,-0.30320238859472054,0.028800000000000048,0.0298,0.027800000000000047,4000,0.0009442074429593224,0.0009442074429593224,0.0009442074429593224,21_22:0.016704237073716238; 21_20:0.010960482480166456,21_22:460; 21_20:460
22,119.06032732180397,89.47464932379562,5.282254781121593,-0.3029991140570705,0.014899999999999913,0.01859999999999995,0.0112,4000,0.00025483812935110206,0.00025483812935110206,0.00025483812935110206,22_15:0.020112806730191668,22_15:460
23,196.52485778800948,119.75846678130797,5.1628295500106525,-0.3051589949103431,0.06509999999999994,0.0836,0.046599999999999975,4000,0.0006528919993902617,0.0006528919993902617,0.0006528919993902617,23_24:0.010784408000688361; 23_22:0.015831652221545672,23_24:460; 23_22:460
24,182.96435465658197,113.32196736252455,5.079741313769829,-0.3049082887390848,0.048899999999999944,0.043,0.05479999999999996,4000,0.0009089603284841733,0.0009089603284841733,0.0009089603284841733,undefined,undefined
25,79.92404920287153,81.00683036281382,5.137399220434776,-0.305216134105694,0.016899999999999915,0.0234,0.010399999999999965,4000,0.0003591812425658737,0.0003591812425658737,0.0003591812425658737,25_24:0.008932656218030882,25_24:460
26,125.7440455016744,51.37687374742542,5.213537419753385,-0.304293884142608,0.011400000000000077,0.0158,0.007000000000000006,4000,0.00032683709336357394,0.00032683709336357394,0.00032683709336357394,26_25:0.008992708919998621; 26_16:0.014782285977996745; 26_27:0.02079998478727335,26_25:460; 26_16:460; 26_27:460
27,26.90517149081144,23.839842270941745,5.033183229903819,-0.30601194047888275,0.02310000000000001,0.0348,0.011399999999999966,4000,0.0006834014059906733,0.0006834014059906733,0.0006834014059906733,undefined,undefined
28,81.39128561798731,109.186028686672,5.20836424121697,-0.3044034463293366,0.008000000000000007,0.010399999999999965,0.0056,4000,0.00023366132378326363,0.00023366132378326363,0.00023366132378326363,28_27:0.015043463799685769,28_27:460
29,184.64916457563496,137.7963893531328,5.117365621116603,-0.30445898440859526,0.011800000000000033,0.0162,0.007399999999999962,4000,0.00034737929052385783,0.00034737929052385783,0.00034737929052385783,29_30:0.006374464652140449; 29_28:0.01056905748768791,29_30:460; 29_28:460
30,259.23258735194423,72.04681632402011,5.030418403602921,-0.3065954745910495,0.0685,0.067,0.06999999999999995,4000,0.00026047876393210526,0.00026047876393210526,0.00026047876393210526,30_31:0.009066477950421259,30_31:460
31,238.08513157215296,98.07893061113167,5.1876088187938745,-0.3046622662694324,0.047599999999999976,0.0416,0.05359999999999998,4000,0.0003391999710552158,0.0003391999710552158,0.0003391999710552158,31_32:0.008541480956465536,31_32:460
32,198.65039634557542,301.4924409385665,5.067716124148833,-0.3051898215487422,0.0131,0.012399999999999967,0.0138,4000,0.00021217859592945358,0.00021217859592945358,0.00021217859592945358,32_36:0.015447066174346574,32_36:460
33,155.18058547285833,110.57029520927483,5.143155216405821,-0.3048693512942489,0.012899999999999912,0.014599999999999946,0.0112,4000,0.00021525815624410448,0.00021525815624410448,0.00021525815624410448,33_39:0.006868806047605952,33_39:460
34,232.31128938941825,132.18186812055424,5.109964175702975,-0.30524738246687383,0.06459999999999999,0.028000000000000025,0.1012,4000,0.0013076679563304124,0.0013076679563304124,0.0013076679563304124,34_24:0.014102678255820122,34_24:460
35,225.99790563562647,86.95194469316549,5.2657119937468275,-0.30290733373228534,0.02739999999999998,0.0414,0.013399999999999967,4000,0.0007303531861745257,0.0007303531861745257,0.0007303531861745257,35_28:0.013835886172488154; 35_47:0.05198245440681251,35_28:460; 35_47:460
36,141.68488573676234,209.757145825262,4.9876725886014395,-0.3066959215300392,0.025800000000000045,0.03539999999999999,0.0162,4000,0.0007930837442539796,0.0007930837442539796,0.0007930837442539796,36_51:0.020461192323085853,36_51:460
37,136.62797143377418,67.17039303953472,5.15219422932198,0,0.00880000000000003,0.011,0.00660000000000005,4000,0.00018809712475934858,0.00018809712475934858,0.00018809712475934858,37_38:0.012445285496946179,37_38:460
38,48.92791531060619,105.01618044500448,5.055804039018676,-0.30678375599991753,0.06989999999999996,0.07979999999999998,0.06,4000,0.0005915639223849615,0.0005915639223849615,0.0005915639223849615,38_39:0.01847883863093666,38_39:460
39,207.9848590501571,78.11000439846893,5.014596123300065,-0.30625339810279006,0.23859999999999992,0.238,0.2392,4000,0.0003613109466539874,0.0003613109466539874,0.0003613109466539874,undefined,undefined
40,278.2104484626001,220.46020057224302,4.913880864441526,-0.3085609423192856,0.021199999999999997,0.0252,0.0172,4000,0.00023285951880120247,0.00023285951880120247,0.00023285951880120247,40_41:0.005544057378390671; 40_39:0.007725856567114581,40_41:460; 40_39:460
41,189.01520332880918,259.1905367289575,4.849439309496783,-0.3098668548576439,0.011900000000000022,0.012599999999999945,0.0112,4000,0.00027602257595606545,0.00027602257595606545,0.00027602257595606545,undefined,undefined
42,157.1604720717372,226.6760918330856,5.188844685095316,-0.3040822476358015,0.14839999999999998,0.1558,0.14100000000000001,4000,0.00021299604670027921,0.00021299604670027921,0.00021299604670027921,42_41:0.013290101032629564; 42_43:0.009564657379117575,42_41:644; 42_43:460
43,191.0250974309583,182.67870582013214,5.2461291056551245,-0.3036193558615149,0.09949999999999992,0.104,0.09499999999999997,4000,0.0005183813523059877,0.0005183813523059877,0.0005183813523059877,43_44:0.00612578462413671; 43_34:0.01581249888379055,43_44:460; 43_34:460
44,257.72491067675907,234.12632542030374,5.386919674245958,-0.3017743712270534,0.040899999999999936,0.04420000000000002,0.0376,4000,0.0002617086048434472,0.0002617086048434472,0.0002617086048434472,44_45:0.02407401869044723,44_45:940
45,175.3329828407396,196.6140493233121,4.959525781938225,-0.3070850274320939,0.028299999999999992,0.03320000000000001,0.0234,4000,0.0007740488548124561,0.0007740488548124561,0.0007740488548124561,undefined,undefined
46,96.74856952077121,132.77112838135477,5.220031894451911,-0.304174882340972,0.0262,0.009800000000000031,0.0426,4000,0.0002964574096562297,0.0002964574096562297,0.0002964574096562297,46_47:0.018309847469591134; 46_45:0.026008510215217023,46_47:940; 46_45:940
47,95.71981461447444,49.763514236217674,5.369645594590317,-0.3017349480846326,0.01639999999999997,0.02100000000000002,0.0118,4000,0.0004185130678711704,0.0004185130678711704,0.0004185130678711704,undefined,undefined
48,160.24251925861213,118.92645537764422,5.042855148919803,-0.30576248822304464,0.06279999999999997,0.10140000000000005,0.0242,4000,0.0010558832042168386,0.0010558832042168386,0.0010558832042168386,48_47:0.0415574620008492; 48_49:0.01781701962932164,48_47:940; 48_49:460
49,121.24458694023468,97.64924618787714,5.148454395321009,-0.3053069944844609,0.028699999999999948,0.0278,0.02959999999999996,4000,0.0005118874811754277,0.0005118874811754277,0.0005118874811754277,undefined,undefined
50,215.9865183500374,16.86810091279723,5.070963509196211,-0.3057750505499329,0.015199999999999991,0.0108,0.01959999999999995,4000,0.00024321834897370902,0.00024321834897370902,0.00024321834897370902,50_49:0.008306685676063352,50_49:460
51,139.69393146602815,149.3451552708661,4.914051128792341,-0.3079660761748167,0.10139999999999993,0.0978,0.105,4000,0.00015205404589119847,0.00015205404589119847,0.00015205404589119847,51_50:0.006316747325533334,51_50:460
52,83.99644163913854,97.8498269576079,5.3649955821898825,-0.30044977457403194,0.026100000000000012,0.0322,0.020000000000000018,4000,0.0029878078132120215,0.0029878078132120215,0.0029878078132120215,52_56:0.030846799467541736; 52_37:0.02406288629200029,52_56:460; 52_37:460
53,240.9040385058544,202.54983737725394,5.074452705718621,-0.3052511328138923,0.010499999999999954,0.0126,0.008399999999999963,4000,0.00018090066264225322,0.00018090066264225322,0.00018090066264225322,53_41:0.0053837117281373414,53_41:460
54,224.68688306598645,174.9848869643698,5.126813612995182,-0.3044779129761831,0.040100000000000025,0.0404,0.03979999999999995,4000,0.00017769251391605185,0.00017769251391605185,0.00017769251391605185,54_64:0.006672471213039904; 54_45:0.010904529452629375,54_64:460; 54_45:460
55,63.8689929537506,36.60544030239019,5.27118569407685,-0.3032763331040358,0.016199999999999992,0.025599999999999956,0.0068,4000,0.0008159366861561208,0.0008159366861561208,0.0008159366861561208,55_68:0.02382369751081506; 55_49:0.012927178456156402,55_68:460; 55_49:460
56,141.17947344354914,67.64555314686935,5.095958657238047,-0.30564257393670535,0.03079999999999994,0.04139999999999999,0.0202,4000,0.00023433235710292087,0.00023433235710292087,0.00023433235710292087,56_57:0.009161064615895359,56_57:460
57,189.52513812605716,329.13043706807633,4.92584505221395,-0.3074875842721333,0.016100000000000003,0.0206,0.011600000000000055,4000,0.0004775826394227662,0.0004775826394227662,0.0004775826394227662,57_58:0.01891079017648359,57_58:460
58,200.0774550683777,224.06266715943477,5.009314687295598,-0.3075458356243641,0.011199999999999988,0.0186,0.0038000000000000256,4000,0.00045671863943945234,0.00045671863943945234,0.00045671863943945234,58_71:0.01192659631010351; 58_59:0.012532799705151976,58_71:460; 58_59:460
59,142.52925552651513,142.87746401108714,5.1197699472968035,-0.30485983269542327,0.010499999999999954,0.0142,0.006800000000000028,4000,0.00044357998256032183,0.00044357998256032183,0.00044357998256032183,undefined,undefined
60,163.71620261438758,148.54535722928566,5.214854290025519,-0.30377721484435294,0.09489999999999998,0.1036,0.08620000000000005,4000,0.00037984449978849326,0.00037984449978849326,0.00037984449978849326,60_59:0.010901655386439835; 60_53:0.00940751063468484; 60_61:0.010419446984210712,60_59:460; 60_53:460; 60_61:460
61,184.64721832414438,45.595832241300926,5.172308586958222,-0.29225208592658347,0.11180000000000001,0.115,0.10860000000000003,4000,0.0002506272265072686,0.0002506272265072686,0.0002506272265072686,undefined,undefined
62,151.38699513971645,55.42323649095313,5.0415112129770305,-0.3062518169414769,0.016900000000000026,0.016800000000000037,0.017,4000,0.0002064635953717719,0.0002064635953717719,0.0002064635953717719,62_63:0.009028161359169756; 62_61:0.007917627771808378,62_63:364; 62_61:460
63,99.75425605754025,43.6812951817906,5.189938282606523,-0.3136995182184117,0.03590000000000004,0.04420000000000002,0.0276,4000,0.0007159630396510495,0.0007159630396510495,0.0007159630396510495,undefined,undefined
64,122.00668585523368,117.47089195335506,5.2245789862387895,-0.30441299234312613,0.036900000000000044,0.051,0.022800000000000042,4000,0.0013164432291404504,0.0013164432291404504,0.0013164432291404504,64_63:0.022077505816086,64_63:460
65,166.19183538943335,53.00697414525021,5.27194263097648,-0.3025398263815699,0.011500000000000066,0.01319999999999999,0.0098,4000,0.0004193674604506935,0.0004193674604506935,0.0004193674604506935,65_66:0.01721023999935789; 65_64:0.01222796072249524,65_66:460; 65_64:460
66,192.10072071040221,73.89305895736389,5.071587194139697,-0.3059749752436012,0.018100000000000005,0.0256,0.010600000000000054,4000,0.0005492343794063016,0.0005492343794063016,0.0005492343794063016,66_73:0.026369014565402416,66_73:460
67,87.56732013282402,110.3949730981283,5.319144951458275,-0.3029821205381753,0.1271,0.1202,0.134,4000,0.001292678056886745,0.001292678056886745,0.001292678056886745,67_68:0.05490004380267238; 67_66:0.0313048211679012,67_68:460; 67_66:460
68,94.29763859894737,92.25009196791906,5.224167916018872,-0.30256695991213484,0.053100000000000036,0.0792,0.027000000000000024,4000,0.0032717890353875893,0.0032717890353875893,0.0032717890353875893,68_69:0.07345139965885705,68_69:460
69,122.4763902453157,47.24116492593274,5.146125365300401,-0.30370526767250344,0.0413,0.06040000000000001,0.0222,4000,0.0038148446979570185,0.0038148446979570185,0.0038148446979570185,undefined,undefined
70,73.87722790478102,69.81649447058207,5.326540105971763,-0.3012282285505546,0.01629999999999998,0.020199999999999996,0.0124,4000,0.0002638733451435494,0.0002638733451435494,0.0002638733451435494,70_69:0.03558565113745821; 70_74:0.014418537222826017,70_69:460; 70_74:460
71,207.66712147843316,268.75773440274895,5.154903423894383,-0.30511262038090686,0.03939999999999999,0.04179999999999995,0.037,4000,0.00038241549336912457,0.00038241549336912457,0.00038241549336912457,undefined,undefined
72,199.4254584601784,148.3699857944267,5.305671540141464,-0.3021441719291235,0.24209999999999998,0.0354,0.4488,4000,0.0003995700944032372,0.0003995700944032372,0.0003995700944032372,72_81:0.006701321288505396; 72_62:0.009740445642136192,72_81:460; 72_62:460
73,99.16879845501974,161.64529682489774,5.226881316159028,-0.3038846445702912,0.06830000000000003,0.11480000000000001,0.0218,4000,0.0014359543514543224,0.0014359543514543224,0.0014359543514543224,73_85:0.044489840233533945,73_85:460
74,94.72929805583532,28.080324931568306,5.193454298299758,-0.303774761614907,0.04139999999999999,0.036,0.04679999999999995,4000,0.0004812794915076589,0.0004812794915076589,0.0004812794915076589,74_89:0.013211224452446768,74_89:460
75,138.0083713936753,158.73732145262736,5.03742082728849,-0.3059330745023566,0.007600000000000051,0.0098,0.00539999999999996,4000,0.0002341422099998611,0.0002341422099998611,0.0002341422099998611,undefined,undefined
76,175.5911152709021,74.52330214065488,5.141724040337764,-0.3054472251732113,0.015199999999999991,0.019,0.011399999999999966,4000,0.00025936563638256547,0.00025936563638256547,0.00025936563638256547,76_77:0.008841059813395113; 76_75:0.005903208036623364,76_77:460; 76_75:460
77,230.6311899423885,139.98951907956908,5.068145768924663,-0.3065016012719818,0.01760000000000006,0.028,0.007199999999999984,4000,0.003691297881878155,0.003691297881878155,0.003691297881878155,77_71:0.014279146095031836,77_71:460
78,89.39099876491923,108.40318959122392,5.307428143379352,-0.3022261836913243,0.11199999999999999,0.113,0.11099999999999999,4000,0.001922735147031222,0.001922735147031222,0.001922735147031222,78_77:0.012026579002057863,78_77:460
79,86.38827465755904,101.17316358081369,5.161224219955201,-0.30484132049003226,0.07240000000000002,0.128,0.016800000000000037,4000,0.0005591676357084071,0.0005591676357084071,0.0005591676357084071,79_78:0.012645809802500824,79_78:460
80,136.71791296297252,122.46135021646373,5.06117209138336,-0.30633278442457745,0.007600000000000051,0.009199999999999986,0.006,4000,0.000625094225745035,0.000625094225745035,0.000625094225745035,80_81:0.013980807935594364; 80_79:0.01752189510755589,80_81:460; 80_79:460
81,191.0319993250754,231.4650807852767,5.129532933434616,-0.3054137206902027,0.017299999999999982,0.0146,0.020000000000000018,4000,0.0002811871721113133,0.0002811871721113133,0.0002811871721113133,81_82:0.009762145228051938,81_82:460
82,179.57829415448998,140.67939557091364,5.204456345314937,-0.30460666385650903,0.03990000000000005,0.03620000000000001,0.0436,4000,0.0003367265081724706,0.0003367265081724706,0.0003367265081724706,undefined,undefined
83,183.12192418536185,192.06728025152808,5.098482011868158,-0.3060631444921947,0.011099999999999999,0.018000000000000016,0.0042,4000,0.004746655031780718,0.004746655031780718,0.004746655031780718,83_82:1; 83_92:1,83_82:460; 83_92:460
84,34.19232997123751,33.67540523893603,5.3219655637524275,-0.3011670429572288,0.22629999999999995,0.3536,0.099,4000,0.0006581038197944023,0.0006581038197944023,0.0006581038197944023,84_83:1,84_83:460
85,108.1225036983559,116.51122954166235,5.167161403310961,-0.30448267929959566,0.04459999999999997,0.0494,0.03979999999999995,4000,0.0005667100874615094,0.0005667100874615094,0.0005667100874615094,85_86:0.04654125499511333; 85_84:1,85_86:460; 85_84:460
86,45.3736473057235,34.062627442875836,5.259571512533726,-0.3020958630660552,0.14480000000000004,0.2138,0.0758,4000,0.011404614961463892,0.011404614961463892,0.011404614961463892,undefined,undefined
87,43.581792427038394,0.04350078312937758,5.304355212967739,-0.30200657345445225,0.1864,0.24219999999999997,0.1306,4000,0.0035624819235623335,0.0035624819235623335,0.0035624819235623335,87_88:0.04268102484189129; 87_86:0.08328211645442374,87_88:460; 87_86:460
88,68.95189337468919,17.47453683718744,5.210676799605819,-0.3036051589132834,0.06800000000000006,0.0776,0.0584,4000,0.0006551802937566869,0.0006551802937566869,0.0006551802937566869,88_89:0.023539794352266774,88_89:460
89,79.03410040953585,23.32706706188335,5.10870012877643,-0.3049805406315673,0.08399999999999996,0.072,0.09599999999999997,4000,0.0004252375271695143,0.0004252375271695143,0.0004252375271695143,undefined,undefined
90,94.38100567446132,70.58288249951853,5.081461369232033,-0.3059202148874973,0.033600000000000074,0.0464,0.0208,4000,0.002675136364073178,0.002675136364073178,0.002675136364073178,90_75:0.042213544880646076,90_75:460
91,66.4386350693399,86.26876450540101,5.258012120785859,-0.3040301866314355,0.07650000000000001,0.12719999999999998,0.0258,4000,0.0032366791743930743,0.0032366791743930743,0.0032366791743930743,91_79:0.017896355652369522,91_79:460
92,70.3620883398142,71.983881840556,5.354006062529375,-0.3011812486799366,0.11819999999999997,0.13219999999999998,0.1042,4000,0.0054153594554246405,0.0054153594554246405,0.0054153594554246405,92_102:0.08546733228074327,92_102:460
93,51.40432022389469,6.062100241928852,5.403597785839201,-0.3006732556397184,0.05830000000000002,0.0586,0.05800000000000005,4000,0.007613882857798916,0.007613882857798916,0.007613882857798916,93_87:1; 93_106:1,93_87:460; 93_106:460
94,31.259702012289072,34.47110088768183,5.221661408811752,-0.30365179722395735,0.12719999999999998,0.20420000000000005,0.0502,4000,0.0105756275084606,0.0105756275084606,0.0105756275084606,94_95:0.04627971582340262; 94_90:0.039488685547078184,94_95:460; 94_90:460
95,58.25526563116858,99.90170744498462,5.2953683950706365,-0.30253179203973657,0.03509999999999991,0.0558,0.014399999999999968,4000,0.0018178149145143122,0.0018178149145143122,0.0018178149145143122,undefined,undefined
96,83.93937071332827,17.486208650956527,5.404576535272626,-0.3001654036183122,0.05059999999999998,0.052200000000000024,0.049,4000,0.0004120685483173331,0.0004120685483173331,0.0004120685483173331,96_109:0.01649983128306745; 96_95:0.028038004809416928; 96_97:0.03552152293723465,96_109:460; 96_95:460; 96_97:460
97,78.93758148436264,26.102732034050813,5.169833069974949,-0.3044385211665954,0.06130000000000002,0.10060000000000002,0.022,4000,0.0022754836513942493,0.0022754836513942493,0.0022754836513942493,97_98:0.038665250760961584,97_98:460
98,35.70155103756034,6.800895787446977,5.028482098785385,-0.3064823887239176,0.041099999999999914,0.06499999999999995,0.0172,4000,0.001341506463638051,0.001341506463638051,0.001341506463638051,98_91:0.08537769680575662,98_91:460
99,136.63262135901948,106.8933725841338,5.188552098901633,-0.30321931911198546,0.04909999999999992,0.07179999999999997,0.0264,4000,0.0009831472000147012,0.0009831472000147012,0.0009831472000147012,99_98:0.03627209529560457,99_98:460
100,57.077935892027455,94.93104057833345,5.4245709611093,-0.2998178227118968,0.12129999999999996,0.13180000000000003,0.1108,4000,0.0018334423234870243,0.0018334423234870243,0.0018334423234870243,100_110:0.09104090444476481; 100_99:0.10425811505223176,100_110:940; 100_99:460
101,58.652410843674204,33.673973700438445,5.291115768279604,-0.30271601896977457,0.04930000000000001,0.08760000000000001,0.011,4000,0.005537122702479848,0.005537122702479848,0.005537122702479848,101_100:0.08217240792737016,101_100:460
102,68.8314789889276,61.41453267071473,5.224792324878154,-0.30335465187537386,0.034499999999999975,0.04700000000000004,0.022,4000,0.0023059615193313913,0.0023059615193313913,0.0023059615193313913,102_101:0.09719906725476579,102_101:460
103,79.38285163878872,91.68628565594271,5.126208005781397,-0.3041784639807636,0.04400000000000004,0.06799999999999995,0.02,4000,0.003475567007436479,0.003475567007436479,0.003475567007436479,103_102:0.1022474407487366; 103_104:0.09954062220159537,103_102:460; 103_104:460
104,44.030476834699904,35.45612768674726,5.262069999088749,-0.3034725029218463,0.05879999999999996,0.0856,0.03200000000000003,4000,0.0015680554285055046,0.0015680554285055046,0.0015680554285055046,104_111:0.06215658300450497; 104_105:0.0856131279840851,104_111:460; 104_105:460
105,34.85965543902151,22.29236722222549,5.185204849948954,-0.3038942306967208,0.1318999999999999,0.20899999999999996,0.0548,4000,0.0027246385437919513,0.0027246385437919513,0.0027246385437919513,105_106:1,105_106:460
106,135.05241029979774,27.12953951674547,5.26528977798876,-0.3035961473516589,0.3232999999999999,0.359,0.28759999999999997,4000,0.0011161717899112863,0.0011161717899112863,0.0011161717899112863,106_107:0.041163285586972964,106_107:460
107,93.38367479192216,27.241635810256764,5.376588435222432,-0.2995385636542149,0.020399999999999974,0.027800000000000047,0.013,4000,0.0009074129188344343,0.0009074129188344343,0.0009074129188344343,107_108:0.023354983444662025,107_108:460
108,101.33191132839335,12.83401737026235,5.462465401917419,-0.2989461503746931,0.0353,0.03700000000000003,0.0336,4000,0.0004381377712796372,0.0004381377712796372,0.0004381377712796372,108_112:0.013364032170608997,108_112:460
109,262.5138609976129,212.1197493891067,5.074200554115353,-0.3048374847466552,0.10309999999999997,0.101,0.10519999999999996,4000,0.00019365099139310852,0.00019365099139310852,0.00019365099139310852,109_114:0.004695029905623843,109_114:460
110,34.19696128185275,77.21451925878642,5.084738486923227,-0.3045801746559086,0.060799999999999965,0.07040000000000002,0.0512,4000,0.0015123976071200083,0.0015123976071200083,0.0015123976071200083,undefined,undefined
111,38.744263148594484,50.55245826619948,5.326759759677377,-0.30254270003627104,0.07669999999999999,0.12780000000000002,0.0256,4000,0.0026348288439947964,0.0026348288439947964,0.0026348288439947964,111_122:0.18152229260530017,111_122:460
112,138.8671885158373,18.61049615524708,5.352982864676281,-0.30030403321008775,0.030299999999999994,0.0368,0.023800000000000043,4000,0.0004421389588680439,0.0004421389588680439,0.0004421389588680439,112_126:0.02244433493521389,112_126:460
113,247.7341203412451,262.3634356591645,5.18184921179324,-0.30447465160133247,0.027200000000000002,0.0252,0.0292,4000,0.00014675753463122844,0.00014675753463122844,0.00014675753463122844,113_114:0.005914449770933861,113_114:460
114,191.41083088304765,121.24491742365106,5.11827241765773,-0.3045043942846206,0.012399999999999967,0.015000000000000013,0.0098,4000,0.00021657835984711555,0.00021657835984711555,0.00021657835984711555,undefined,undefined
115,185.53851839576282,83.03730246986588,5.230829746897791,-0.3029742067992513,0.007900000000000018,0.009800000000000031,0.006,4000,0.00021678521108625302,0.00021678521108625302,0.00021678521108625302,115_114:0.005572566959318098,115_114:460
116,147.52776513726312,122.00972024253893,5.345523096256029,-0.30079338892536006,0.01089999999999991,0.012599999999999945,0.0092,4000,0.00017313397701862633,0.00017313397701862633,0.00017313397701862633,116_117:1; 116_115:1,116_117:460; 116_115:460
117,114.25685492326419,119.30008227504126,5.264541465639595,-0.3019670571929324,0.05740000000000001,0.08779999999999999,0.027,4000,0.002195998529279837,0.002195998529279837,0.002195998529279837,117_118:0.1218916057648373,117_118:460
118,39.00373661723134,56.83541342126114,5.207073893055779,-0.3041092555021294,0.09089999999999998,0.1592,0.0226,4000,0.008202172154756946,0.008202172154756946,0.008202172154756946,118_119:0.15824646423471536; 118_110:0.053155256229684394,118_119:460; 118_110:460
119,116.37781396925766,170.66077019137794,5.256833888949988,-0.3228499676351068,0.05020000000000002,0.0562,0.04420000000000002,4000,0.0010825933919204691,0.0010825933919204691,0.0010825933919204691,119_120:0.05183846036240744,119_120:460
120,126.04534140696808,204.15327924197598,5.112049776880195,0,0.018100000000000005,0.02180000000000004,0.0144,4000,0.00017085086985276892,0.00017085086985276892,0.00017085086985276892,undefined,undefined
121,80.21404341759124,20.74614604890639,5.300846407475844,-0.3028626356542151,0.04499999999999993,0.07079999999999997,0.0192,4000,0.0029168635235611333,0.0029168635235611333,0.0029168635235611333,121_120:0.052238051524235246; 121_122:0.05126011101744446,121_120:460; 121_122:460
122,62.4271006506477,69.87448385676156,5.173754083883441,-0.30345829244280487,0.053300000000000014,0.07279999999999998,0.0338,4000,0.0025964175019610406,0.0025964175019610406,0.0025964175019610406,undefined,undefined
123,123.2449598422909,60.631162218714415,5.393474262547713,-0.30029034127711757,0.015199999999999991,0.0154,0.015000000000000013,4000,0.00022051080472740558,0.00022051080472740558,0.00022051080472740558,123_122:0.027337420910415938; 123_124:0.008658290342165448,123_122:460; 123_124:460
124,149.9786974488998,50.075018560771035,5.197653921579856,-0.3029580216668029,0.019199999999999995,0.021399999999999975,0.017,4000,0.00038734966752666485,0.00038734966752666485,0.00038734966752666485,undefined,undefined
125,176.76831252364187,33.45417156949454,5.299277460686898,-0.3022819891806795,0.0129999999999999,0.012599999999999945,0.0134,4000,0.0013451192288033,0.0013451192288033,0.0013451192288033,125_124:0.0177080596642592,125_124:460
126,147.02534722112873,8.068252889720274,5.2668984037502735,-0.3019690842547404,0.050899999999999945,0.050000000000000044,0.0518,4000,0.0012913507960863892,0.0012913507960863892,0.0012913507960863892,126_125:0.03063294683564141,126_125:460
