value,std_dev,unit,chi_sq,verified,variable_name,backend,end_date,device_components,experiment_id
-3721.9831517895072,32.96273312907567,,1.4506960140033742,False,Delta_PO,ibm_cusco,2023-07-27 11:20:21.896000+03:00,Q0,a34af81b-9649-49a0-893e-c44e98aabcb2
1409.7732180071362,12.778086407275529,,1.4506960140033742,False,nu_PO,ibm_cusco,2023-07-27 11:20:21.896000+03:00,Q0,a34af81b-9649-49a0-893e-c44e98aabcb2
44868.24363020336,33.75399118045461,,1.4506960140033742,False,freq_e,ibm_cusco,2023-07-27 11:20:21.896000+03:00,Q0,a34af81b-9649-49a0-893e-c44e98aabcb2
47687.79006621763,36.882388948259795,,1.4506960140033742,False,freq_o,ibm_cusco,2023-07-27 11:20:21.896000+03:00,Q0,a34af81b-9649-49a0-893e-c44e98aabcb2
0.47284496344367777,0.0066917680116651505,,1.4506960140033742,False,b_PO,ibm_cusco,2023-07-27 11:20:21.896000+03:00,Q0,a34af81b-9649-49a0-893e-c44e98aabcb2
0.00014502088676955372,3.0491168362444446e-06,,1.4506960140033742,False,T2_PO,ibm_cusco,2023-07-27 11:20:21.896000+03:00,Q0,a34af81b-9649-49a0-893e-c44e98aabcb2
0.48096758447307525,0.0021275239505423467,,1.4506960140033742,False,A_PO,ibm_cusco,2023-07-27 11:20:21.896000+03:00,Q0,a34af81b-9649-49a0-893e-c44e98aabcb2
0.5036902088981506,0.0009228679771671205,,1.4506960140033742,False,B_PO,ibm_cusco,2023-07-27 11:20:21.896000+03:00,Q0,a34af81b-9649-49a0-893e-c44e98aabcb2
0.008188317447100822,0.008938861206591549,,1.4506960140033742,False,phi_PO,ibm_cusco,2023-07-27 11:20:21.896000+03:00,Q0,a34af81b-9649-49a0-893e-c44e98aabcb2
-2785.8476713849523,15.843153107046858,,1.2181317934087454,False,Delta_PO,ibm_cusco,2023-07-27 11:20:21.896000+03:00,Q2,a34af81b-9649-49a0-893e-c44e98aabcb2
7418.192011866635,9.962841736543771,,1.2181317934087454,False,nu_PO,ibm_cusco,2023-07-27 11:20:21.896000+03:00,Q2,a34af81b-9649-49a0-893e-c44e98aabcb2
39795.96031674841,17.600651155205227,,1.2181317934087454,False,freq_e,ibm_cusco,2023-07-27 11:20:21.896000+03:00,Q2,a34af81b-9649-49a0-893e-c44e98aabcb2
54632.34434048168,19.767258550296418,,1.2181317934087454,False,freq_o,ibm_cusco,2023-07-27 11:20:21.896000+03:00,Q2,a34af81b-9649-49a0-893e-c44e98aabcb2
0.4522042945805037,0.003342228003829527,,1.2181317934087454,False,b_PO,ibm_cusco,2023-07-27 11:20:21.896000+03:00,Q2,a34af81b-9649-49a0-893e-c44e98aabcb2
0.0002126670462426691,3.189699095168448e-06,,1.2181317934087454,False,T2_PO,ibm_cusco,2023-07-27 11:20:21.896000+03:00,Q2,a34af81b-9649-49a0-893e-c44e98aabcb2
0.4876194541667295,0.001980031933978498,,1.2181317934087454,False,A_PO,ibm_cusco,2023-07-27 11:20:21.896000+03:00,Q2,a34af81b-9649-49a0-893e-c44e98aabcb2
0.5026461118645602,0.0009390685942344891,,1.2181317934087454,False,B_PO,ibm_cusco,2023-07-27 11:20:21.896000+03:00,Q2,a34af81b-9649-49a0-893e-c44e98aabcb2
0.024425477826462056,0.009353078648466531,,1.2181317934087454,False,phi_PO,ibm_cusco,2023-07-27 11:20:21.896000+03:00,Q2,a34af81b-9649-49a0-893e-c44e98aabcb2
-195.9646979684694,24.25265806119661,,1.3943087147387723,False,Delta_PO,ibm_cusco,2023-07-27 11:20:21.896000+03:00,Q4,a34af81b-9649-49a0-893e-c44e98aabcb2
2040.8090131533027,15.771817526021394,,1.3943087147387723,False,nu_PO,ibm_cusco,2023-07-27 11:20:21.896000+03:00,Q4,a34af81b-9649-49a0-893e-c44e98aabcb2
47763.22628887823,30.423100230590673,,1.3943087147387723,False,freq_e,ibm_cusco,2023-07-27 11:20:21.896000+03:00,Q4,a34af81b-9649-49a0-893e-c44e98aabcb2
51844.84431518483,27.355406679015292,,1.3943087147387723,False,freq_o,ibm_cusco,2023-07-27 11:20:21.896000+03:00,Q4,a34af81b-9649-49a0-893e-c44e98aabcb2
0.5345468615576534,0.005541787036377306,,1.3943087147387723,False,b_PO,ibm_cusco,2023-07-27 11:20:21.896000+03:00,Q4,a34af81b-9649-49a0-893e-c44e98aabcb2
0.00012412853203738777,2.0953951778371947e-06,,1.3943087147387723,False,T2_PO,ibm_cusco,2023-07-27 11:20:21.896000+03:00,Q4,a34af81b-9649-49a0-893e-c44e98aabcb2
0.48736462596896846,0.002601132534555229,,1.3943087147387723,False,A_PO,ibm_cusco,2023-07-27 11:20:21.896000+03:00,Q4,a34af81b-9649-49a0-893e-c44e98aabcb2
0.4983115855915139,0.0009309825217956708,,1.3943087147387723,False,B_PO,ibm_cusco,2023-07-27 11:20:21.896000+03:00,Q4,a34af81b-9649-49a0-893e-c44e98aabcb2
-0.02292962489364437,0.009163353914075648,,1.3943087147387723,False,phi_PO,ibm_cusco,2023-07-27 11:20:21.896000+03:00,Q4,a34af81b-9649-49a0-893e-c44e98aabcb2
-6493.0416171012475,41.63515358815439,,10.228489672664974,False,Delta_PO,ibm_cusco,2023-07-27 11:20:21.896000+03:00,Q6,a34af81b-9649-49a0-893e-c44e98aabcb2
10782.533887518399,32.174041017109985,,10.228489672664974,False,nu_PO,ibm_cusco,2023-07-27 11:20:21.896000+03:00,Q6,a34af81b-9649-49a0-893e-c44e98aabcb2
32724.42449538035,57.16939008390757,,10.228489672664974,False,freq_e,ibm_cusco,2023-07-27 11:20:21.896000+03:00,Q6,a34af81b-9649-49a0-893e-c44e98aabcb2
54289.49227041715,47.63371386732062,,10.228489672664974,False,freq_o,ibm_cusco,2023-07-27 11:20:21.896000+03:00,Q6,a34af81b-9649-49a0-893e-c44e98aabcb2
0.5630544212932869,0.005504149448315639,,10.228489672664974,False,b_PO,ibm_cusco,2023-07-27 11:20:21.896000+03:00,Q6,a34af81b-9649-49a0-893e-c44e98aabcb2
7.669682182746906e-05,1.2396263709082098e-06,,10.228489672664974,False,T2_PO,ibm_cusco,2023-07-27 11:20:21.896000+03:00,Q6,a34af81b-9649-49a0-893e-c44e98aabcb2
0.48511100838166793,0.0030521641495821956,,10.228489672664974,False,A_PO,ibm_cusco,2023-07-27 11:20:21.896000+03:00,Q6,a34af81b-9649-49a0-893e-c44e98aabcb2
0.5069422580482658,0.0009813809099753692,,10.228489672664974,False,B_PO,ibm_cusco,2023-07-27 11:20:21.896000+03:00,Q6,a34af81b-9649-49a0-893e-c44e98aabcb2
0.09999999999999999,0.012535688296539508,,10.228489672664974,False,phi_PO,ibm_cusco,2023-07-27 11:20:21.896000+03:00,Q6,a34af81b-9649-49a0-893e-c44e98aabcb2
-4179.474438458157,26.681858167307528,,1.1624139922253944,False,Delta_PO,ibm_cusco,2023-07-27 11:20:21.896000+03:00,Q8,a34af81b-9649-49a0-893e-c44e98aabcb2
4822.461523502123,20.634350664681545,,1.1624139922253944,False,nu_PO,ibm_cusco,2023-07-27 11:20:21.896000+03:00,Q8,a34af81b-9649-49a0-893e-c44e98aabcb2
40998.06403803972,35.82773061292618,,1.1624139922253944,False,freq_e,ibm_cusco,2023-07-27 11:20:21.896000+03:00,Q8,a34af81b-9649-49a0-893e-c44e98aabcb2
50642.98708504397,31.492375019269502,,1.1624139922253944,False,freq_o,ibm_cusco,2023-07-27 11:20:21.896000+03:00,Q8,a34af81b-9649-49a0-893e-c44e98aabcb2
0.5455080116154347,0.005072467880640192,,1.1624139922253944,False,b_PO,ibm_cusco,2023-07-27 11:20:21.896000+03:00,Q8,a34af81b-9649-49a0-893e-c44e98aabcb2
0.00011027775071023416,1.757766090004594e-06,,1.1624139922253944,False,T2_PO,ibm_cusco,2023-07-27 11:20:21.896000+03:00,Q8,a34af81b-9649-49a0-893e-c44e98aabcb2
0.4672289056470339,0.0032491813058746605,,1.1624139922253944,False,A_PO,ibm_cusco,2023-07-27 11:20:21.896000+03:00,Q8,a34af81b-9649-49a0-893e-c44e98aabcb2
0.4934098537343341,0.0009661491755661299,,1.1624139922253944,False,B_PO,ibm_cusco,2023-07-27 11:20:21.896000+03:00,Q8,a34af81b-9649-49a0-893e-c44e98aabcb2
0.02465965976554352,0.011062526420830804,,1.1624139922253944,False,phi_PO,ibm_cusco,2023-07-27 11:20:21.896000+03:00,Q8,a34af81b-9649-49a0-893e-c44e98aabcb2
-3039.929100336085,33.90796468149157,,1.01133517397148,False,Delta_PO,ibm_cusco,2023-07-27 11:20:21.896000+03:00,Q10,a34af81b-9649-49a0-893e-c44e98aabcb2
5969.053061505565,25.90290542523671,,1.01133517397148,False,nu_PO,ibm_cusco,2023-07-27 11:20:21.896000+03:00,Q10,a34af81b-9649-49a0-893e-c44e98aabcb2
40991.01783815835,41.79664710002688,,1.01133517397148,False,freq_e,ibm_cusco,2023-07-27 11:20:21.896000+03:00,Q10,a34af81b-9649-49a0-893e-c44e98aabcb2
52929.12396116948,43.525411518053325,,1.01133517397148,False,freq_o,ibm_cusco,2023-07-27 11:20:21.896000+03:00,Q10,a34af81b-9649-49a0-893e-c44e98aabcb2
0.48602524035115546,0.005398526202207857,,1.01133517397148,False,b_PO,ibm_cusco,2023-07-27 11:20:21.896000+03:00,Q10,a34af81b-9649-49a0-893e-c44e98aabcb2
8.691205441876069e-05,1.2927468314312434e-06,,1.01133517397148,False,T2_PO,ibm_cusco,2023-07-27 11:20:21.896000+03:00,Q10,a34af81b-9649-49a0-893e-c44e98aabcb2
0.49193650685053,0.002049105273587108,,1.01133517397148,False,A_PO,ibm_cusco,2023-07-27 11:20:21.896000+03:00,Q10,a34af81b-9649-49a0-893e-c44e98aabcb2
0.5037114013055104,0.0009668710181578574,,1.01133517397148,False,B_PO,ibm_cusco,2023-07-27 11:20:21.896000+03:00,Q10,a34af81b-9649-49a0-893e-c44e98aabcb2
0.009040471361670086,0.011308597001346992,,1.01133517397148,False,phi_PO,ibm_cusco,2023-07-27 11:20:21.896000+03:00,Q10,a34af81b-9649-49a0-893e-c44e98aabcb2
-618.0135847700076,465.22131593546175,,1.2218634349255806,False,Delta_PO,ibm_cusco,2023-07-27 11:20:21.896000+03:00,Q12,a34af81b-9649-49a0-893e-c44e98aabcb2
30882.92640456424,377.7695733832206,,1.2218634349255806,False,nu_PO,ibm_cusco,2023-07-27 11:20:21.896000+03:00,Q12,a34af81b-9649-49a0-893e-c44e98aabcb2
80264.91281979423,532.4382424646091,,1.2218634349255806,False,freq_e,ibm_cusco,2023-07-27 11:20:21.896000+03:00,Q12,a34af81b-9649-49a0-893e-c44e98aabcb2
18499.06001066575,659.3868096276453,,1.2218634349255806,False,freq_o,ibm_cusco,2023-07-27 11:20:21.896000+03:00,Q12,a34af81b-9649-49a0-893e-c44e98aabcb2
0.5655282420829938,0.014058665485954185,,1.2218634349255806,False,b_PO,ibm_cusco,2023-07-27 11:20:21.896000+03:00,Q12,a34af81b-9649-49a0-893e-c44e98aabcb2
1.527708345400078e-05,5.861736789459324e-07,,1.2218634349255806,False,T2_PO,ibm_cusco,2023-07-27 11:20:21.896000+03:00,Q12,a34af81b-9649-49a0-893e-c44e98aabcb2
0.45427848258268166,0.006758165661739129,,1.2218634349255806,False,A_PO,ibm_cusco,2023-07-27 11:20:21.896000+03:00,Q12,a34af81b-9649-49a0-893e-c44e98aabcb2
0.4921561735715751,0.0010299524344455793,,1.2218634349255806,False,B_PO,ibm_cusco,2023-07-27 11:20:21.896000+03:00,Q12,a34af81b-9649-49a0-893e-c44e98aabcb2
-0.010886121883531616,0.025981742053001168,,1.2218634349255806,False,phi_PO,ibm_cusco,2023-07-27 11:20:21.896000+03:00,Q12,a34af81b-9649-49a0-893e-c44e98aabcb2
-541.1510403055872,244.19127834894854,,1.0838507935627175,False,Delta_PO,ibm_cusco,2023-07-27 11:20:21.896000+03:00,Q18,a34af81b-9649-49a0-893e-c44e98aabcb2
6900.807214400382,151.37175186872153,,1.0838507935627175,False,nu_PO,ibm_cusco,2023-07-27 11:20:21.896000+03:00,Q18,a34af81b-9649-49a0-893e-c44e98aabcb2
42558.04174529403,294.7890532032014,,1.0838507935627175,False,freq_e,ibm_cusco,2023-07-27 11:20:21.896000+03:00,Q18,a34af81b-9649-49a0-893e-c44e98aabcb2
56359.656174094795,279.61578904375017,,1.0838507935627175,False,freq_o,ibm_cusco,2023-07-27 11:20:21.896000+03:00,Q18,a34af81b-9649-49a0-893e-c44e98aabcb2
0.5146098502777523,0.015316929096996904,,1.0838507935627175,False,b_PO,ibm_cusco,2023-07-27 11:20:21.896000+03:00,Q18,a34af81b-9649-49a0-893e-c44e98aabcb2
2.5741735494661905e-05,8.319023991823522e-07,,1.0838507935627175,False,T2_PO,ibm_cusco,2023-07-27 11:20:21.896000+03:00,Q18,a34af81b-9649-49a0-893e-c44e98aabcb2
0.46845764980975807,0.003962536215071458,,1.0838507935627175,False,A_PO,ibm_cusco,2023-07-27 11:20:21.896000+03:00,Q18,a34af81b-9649-49a0-893e-c44e98aabcb2
0.512994650561853,0.0010037618618562384,,1.0838507935627175,False,B_PO,ibm_cusco,2023-07-27 11:20:21.896000+03:00,Q18,a34af81b-9649-49a0-893e-c44e98aabcb2
0.07807444238686252,0.01811629362790182,,1.0838507935627175,False,phi_PO,ibm_cusco,2023-07-27 11:20:21.896000+03:00,Q18,a34af81b-9649-49a0-893e-c44e98aabcb2
-2496.714301892178,31.00138860775247,,1.132848932364635,False,Delta_PO,ibm_cusco,2023-07-27 11:20:21.896000+03:00,Q20,a34af81b-9649-49a0-893e-c44e98aabcb2
3585.216815389609,21.98851750252241,,1.132848932364635,False,nu_PO,ibm_cusco,2023-07-27 11:20:21.896000+03:00,Q20,a34af81b-9649-49a0-893e-c44e98aabcb2
43918.06888271821,36.25718558676393,,1.132848932364635,False,freq_e,ibm_cusco,2023-07-27 11:20:21.896000+03:00,Q20,a34af81b-9649-49a0-893e-c44e98aabcb2
51088.50251349743,39.6809587644023,,1.132848932364635,False,freq_o,ibm_cusco,2023-07-27 11:20:21.896000+03:00,Q20,a34af81b-9649-49a0-893e-c44e98aabcb2
0.46962774653678496,0.0058079449997277925,,1.132848932364635,False,b_PO,ibm_cusco,2023-07-27 11:20:21.896000+03:00,Q20,a34af81b-9649-49a0-893e-c44e98aabcb2
0.00010301417101222608,1.9151893263306176e-06,,1.132848932364635,False,T2_PO,ibm_cusco,2023-07-27 11:20:21.896000+03:00,Q20,a34af81b-9649-49a0-893e-c44e98aabcb2
0.45092314522188215,0.0037681718477063585,,1.132848932364635,False,A_PO,ibm_cusco,2023-07-27 11:20:21.896000+03:00,Q20,a34af81b-9649-49a0-893e-c44e98aabcb2
0.4666399501407293,0.0009661750496137767,,1.132848932364635,False,B_PO,ibm_cusco,2023-07-27 11:20:21.896000+03:00,Q20,a34af81b-9649-49a0-893e-c44e98aabcb2
0.01834035119166151,0.01153189095839888,,1.132848932364635,False,phi_PO,ibm_cusco,2023-07-27 11:20:21.896000+03:00,Q20,a34af81b-9649-49a0-893e-c44e98aabcb2
-3739.011121632022,78.055687041392,,1.0926723844140422,False,Delta_PO,ibm_cusco,2023-07-27 11:20:21.896000+03:00,Q22,a34af81b-9649-49a0-893e-c44e98aabcb2
1556.0065260150695,35.30108556658755,,1.0926723844140422,False,nu_PO,ibm_cusco,2023-07-27 11:20:21.896000+03:00,Q22,a34af81b-9649-49a0-893e-c44e98aabcb2
44704.982352352905,85.60612164265856,,1.0926723844140422,False,freq_e,ibm_cusco,2023-07-27 11:20:21.896000+03:00,Q22,a34af81b-9649-49a0-893e-c44e98aabcb2
47816.995404383044,85.72809213244443,,1.0926723844140422,False,freq_o,ibm_cusco,2023-07-27 11:20:21.896000+03:00,Q22,a34af81b-9649-49a0-893e-c44e98aabcb2
0.4993358004868894,0.01711760078220134,,1.0926723844140422,False,b_PO,ibm_cusco,2023-07-27 11:20:21.896000+03:00,Q22,a34af81b-9649-49a0-893e-c44e98aabcb2
7.602020125733246e-05,1.7339361525805516e-06,,1.0926723844140422,False,T2_PO,ibm_cusco,2023-07-27 11:20:21.896000+03:00,Q22,a34af81b-9649-49a0-893e-c44e98aabcb2
0.47614822612951246,0.0029510564278239226,,1.0926723844140422,False,A_PO,ibm_cusco,2023-07-27 11:20:21.896000+03:00,Q22,a34af81b-9649-49a0-893e-c44e98aabcb2
0.5026921192735079,0.0009616271257767736,,1.0926723844140422,False,B_PO,ibm_cusco,2023-07-27 11:20:21.896000+03:00,Q22,a34af81b-9649-49a0-893e-c44e98aabcb2
-0.01245232078550635,0.010998106716063142,,1.0926723844140422,False,phi_PO,ibm_cusco,2023-07-27 11:20:21.896000+03:00,Q22,a34af81b-9649-49a0-893e-c44e98aabcb2
-10099.546881360766,711.7376804467464,,1.4759503701214893,False,Delta_PO,ibm_cusco,2023-07-27 11:20:21.896000+03:00,Q24,a34af81b-9649-49a0-893e-c44e98aabcb2
343.9433713937178,188.3178981213634,,1.4759503701214893,False,nu_PO,ibm_cusco,2023-07-27 11:20:21.896000+03:00,Q24,a34af81b-9649-49a0-893e-c44e98aabcb2
39556.509747245516,583.4817285841519,,1.4759503701214893,False,freq_e,ibm_cusco,2023-07-27 11:20:21.896000+03:00,Q24,a34af81b-9649-49a0-893e-c44e98aabcb2
40244.39649003295,862.3325260301713,,1.4759503701214893,False,freq_o,ibm_cusco,2023-07-27 11:20:21.896000+03:00,Q24,a34af81b-9649-49a0-893e-c44e98aabcb2
0.4000000001612526,0.9507568996346265,,1.4759503701214893,False,b_PO,ibm_cusco,2023-07-27 11:20:21.896000+03:00,Q24,a34af81b-9649-49a0-893e-c44e98aabcb2
0.0001098796438609149,3.4706725945079318e-06,,1.4759503701214893,False,T2_PO,ibm_cusco,2023-07-27 11:20:21.896000+03:00,Q24,a34af81b-9649-49a0-893e-c44e98aabcb2
0.4578852330861811,0.0034544321160708148,,1.4759503701214893,False,A_PO,ibm_cusco,2023-07-27 11:20:21.896000+03:00,Q24,a34af81b-9649-49a0-893e-c44e98aabcb2
0.5014433560078763,0.0009420244217316394,,1.4759503701214893,False,B_PO,ibm_cusco,2023-07-27 11:20:21.896000+03:00,Q24,a34af81b-9649-49a0-893e-c44e98aabcb2
0.04981792678798705,0.010226487037012719,,1.4759503701214893,False,phi_PO,ibm_cusco,2023-07-27 11:20:21.896000+03:00,Q24,a34af81b-9649-49a0-893e-c44e98aabcb2
-7599.273708469656,346.9052090531058,,1.2235152569265098,False,Delta_PO,ibm_cusco,2023-07-27 11:20:21.896000+03:00,Q26,a34af81b-9649-49a0-893e-c44e98aabcb2
2867.055695924744,172.32518715292636,,1.2235152569265098,False,nu_PO,ibm_cusco,2023-07-27 11:20:21.896000+03:00,Q26,a34af81b-9649-49a0-893e-c44e98aabcb2
39533.6705956056,314.5452348481463,,1.2235152569265098,False,freq_e,ibm_cusco,2023-07-27 11:20:21.896000+03:00,Q26,a34af81b-9649-49a0-893e-c44e98aabcb2
45267.78198745509,448.4859904448128,,1.2235152569265098,False,freq_o,ibm_cusco,2023-07-27 11:20:21.896000+03:00,Q26,a34af81b-9649-49a0-893e-c44e98aabcb2
0.4000000000717403,0.044516453514150976,,1.2235152569265098,False,b_PO,ibm_cusco,2023-07-27 11:20:21.896000+03:00,Q26,a34af81b-9649-49a0-893e-c44e98aabcb2
3.149156051143746e-05,9.431552332772398e-07,,1.2235152569265098,False,T2_PO,ibm_cusco,2023-07-27 11:20:21.896000+03:00,Q26,a34af81b-9649-49a0-893e-c44e98aabcb2
0.48696836739161775,0.0024089035154475085,,1.2235152569265098,False,A_PO,ibm_cusco,2023-07-27 11:20:21.896000+03:00,Q26,a34af81b-9649-49a0-893e-c44e98aabcb2
0.5059103258291984,0.000998556150168645,,1.2235152569265098,False,B_PO,ibm_cusco,2023-07-27 11:20:21.896000+03:00,Q26,a34af81b-9649-49a0-893e-c44e98aabcb2
0.014823100078489837,0.01558908514698531,,1.2235152569265098,False,phi_PO,ibm_cusco,2023-07-27 11:20:21.896000+03:00,Q26,a34af81b-9649-49a0-893e-c44e98aabcb2
-3468.134988575257,213.57727158785573,,1.4086851785385663,False,Delta_PO,ibm_cusco,2023-07-27 11:20:21.896000+03:00,Q28,a34af81b-9649-49a0-893e-c44e98aabcb2
4177.26857573957,117.83373655894614,,1.4086851785385663,False,nu_PO,ibm_cusco,2023-07-27 11:20:21.896000+03:00,Q28,a34af81b-9649-49a0-893e-c44e98aabcb2
42354.59643568518,216.35009221651507,,1.4086851785385663,False,freq_e,ibm_cusco,2023-07-27 11:20:21.896000+03:00,Q28,a34af81b-9649-49a0-893e-c44e98aabcb2
50709.13358716432,268.6870268893105,,1.4086851785385663,False,freq_o,ibm_cusco,2023-07-27 11:20:21.896000+03:00,Q28,a34af81b-9649-49a0-893e-c44e98aabcb2
0.4378141530226233,0.019049763137967298,,1.4086851785385663,False,b_PO,ibm_cusco,2023-07-27 11:20:21.896000+03:00,Q28,a34af81b-9649-49a0-893e-c44e98aabcb2
3.2205515786127975e-05,9.432263716623022e-07,,1.4086851785385663,False,T2_PO,ibm_cusco,2023-07-27 11:20:21.896000+03:00,Q28,a34af81b-9649-49a0-893e-c44e98aabcb2
0.4774345230980998,0.0028307319439029414,,1.4086851785385663,False,A_PO,ibm_cusco,2023-07-27 11:20:21.896000+03:00,Q28,a34af81b-9649-49a0-893e-c44e98aabcb2
0.5079219388226838,0.0009994738356272682,,1.4086851785385663,False,B_PO,ibm_cusco,2023-07-27 11:20:21.896000+03:00,Q28,a34af81b-9649-49a0-893e-c44e98aabcb2
0.022952052527020397,0.016158889587473437,,1.4086851785385663,False,phi_PO,ibm_cusco,2023-07-27 11:20:21.896000+03:00,Q28,a34af81b-9649-49a0-893e-c44e98aabcb2
2595.710098259071,323770.37523366394,,2.1835708611517104,False,Delta_PO,ibm_cusco,2023-07-27 11:20:21.896000+03:00,Q30,a34af81b-9649-49a0-893e-c44e98aabcb2
0.06569648909498937,2824039.023728886,,2.1835708611517104,False,nu_PO,ibm_cusco,2023-07-27 11:20:21.896000+03:00,Q30,a34af81b-9649-49a0-893e-c44e98aabcb2
52595.775794748166,2505203.4304546793,,2.1835708611517104,False,freq_e,ibm_cusco,2023-07-27 11:20:21.896000+03:00,Q30,a34af81b-9649-49a0-893e-c44e98aabcb2
52595.644401769976,3143883.4423183063,,2.1835708611517104,False,freq_o,ibm_cusco,2023-07-27 11:20:21.896000+03:00,Q30,a34af81b-9649-49a0-893e-c44e98aabcb2
0.5559393308575197,404561.34818355856,,2.1835708611517104,False,b_PO,ibm_cusco,2023-07-27 11:20:21.896000+03:00,Q30,a34af81b-9649-49a0-893e-c44e98aabcb2
5.903494555051604e-05,3.0300227991498075e-06,,2.1835708611517104,False,T2_PO,ibm_cusco,2023-07-27 11:20:21.896000+03:00,Q30,a34af81b-9649-49a0-893e-c44e98aabcb2
0.3387107592848996,0.0057871531190851625,,2.1835708611517104,False,A_PO,ibm_cusco,2023-07-27 11:20:21.896000+03:00,Q30,a34af81b-9649-49a0-893e-c44e98aabcb2
0.49921502093457554,0.0009954625651646422,,2.1835708611517104,False,B_PO,ibm_cusco,2023-07-27 11:20:21.896000+03:00,Q30,a34af81b-9649-49a0-893e-c44e98aabcb2
0.09999999999961454,0.01616967025240442,,2.1835708611517104,False,phi_PO,ibm_cusco,2023-07-27 11:20:21.896000+03:00,Q30,a34af81b-9649-49a0-893e-c44e98aabcb2
11133.32611188339,49.855871855197066,,17.515398754237864,False,Delta_PO,ibm_cusco,2023-07-27 11:20:21.896000+03:00,Q32,a34af81b-9649-49a0-893e-c44e98aabcb2
5713.007471493856,38.23674813299838,,17.515398754237864,False,nu_PO,ibm_cusco,2023-07-27 11:20:21.896000+03:00,Q32,a34af81b-9649-49a0-893e-c44e98aabcb2
55420.31864038953,59.016500311347826,,17.515398754237864,False,freq_e,ibm_cusco,2023-07-27 11:20:21.896000+03:00,Q32,a34af81b-9649-49a0-893e-c44e98aabcb2
66846.33358337724,66.42564582642049,,17.515398754237864,False,freq_o,ibm_cusco,2023-07-27 11:20:21.896000+03:00,Q32,a34af81b-9649-49a0-893e-c44e98aabcb2
0.4637130864626665,0.0071043609690912895,,17.515398754237864,False,b_PO,ibm_cusco,2023-07-27 11:20:21.896000+03:00,Q32,a34af81b-9649-49a0-893e-c44e98aabcb2
7.22815716742717e-05,1.40662502142105e-06,,17.515398754237864,False,T2_PO,ibm_cusco,2023-07-27 11:20:21.896000+03:00,Q32,a34af81b-9649-49a0-893e-c44e98aabcb2
0.42797840013996563,0.0031685012544318335,,17.515398754237864,False,A_PO,ibm_cusco,2023-07-27 11:20:21.896000+03:00,Q32,a34af81b-9649-49a0-893e-c44e98aabcb2
0.5145430548434264,0.000985956480613385,,17.515398754237864,False,B_PO,ibm_cusco,2023-07-27 11:20:21.896000+03:00,Q32,a34af81b-9649-49a0-893e-c44e98aabcb2
-0.09999999999999999,0.013994169563100725,,17.515398754237864,False,phi_PO,ibm_cusco,2023-07-27 11:20:21.896000+03:00,Q32,a34af81b-9649-49a0-893e-c44e98aabcb2
-3090.6254837624,81.37568080986244,,1.073667918184863,False,Delta_PO,ibm_cusco,2023-07-27 11:20:21.896000+03:00,Q37,a34af81b-9649-49a0-893e-c44e98aabcb2
5299.267871421198,58.33603988089736,,1.073667918184863,False,nu_PO,ibm_cusco,2023-07-27 11:20:21.896000+03:00,Q37,a34af81b-9649-49a0-893e-c44e98aabcb2
41610.1066448164,106.43385175356586,,1.073667918184863,False,freq_e,ibm_cusco,2023-07-27 11:20:21.896000+03:00,Q37,a34af81b-9649-49a0-893e-c44e98aabcb2
52208.642387658794,93.39178311504976,,1.073667918184863,False,freq_o,ibm_cusco,2023-07-27 11:20:21.896000+03:00,Q37,a34af81b-9649-49a0-893e-c44e98aabcb2
0.5403999266002846,0.008699530717062592,,1.073667918184863,False,b_PO,ibm_cusco,2023-07-27 11:20:21.896000+03:00,Q37,a34af81b-9649-49a0-893e-c44e98aabcb2
4.793971889588532e-05,9.832835247736252e-07,,1.073667918184863,False,T2_PO,ibm_cusco,2023-07-27 11:20:21.896000+03:00,Q37,a34af81b-9649-49a0-893e-c44e98aabcb2
0.49097801491251436,0.0023098469760183277,,1.073667918184863,False,A_PO,ibm_cusco,2023-07-27 11:20:21.896000+03:00,Q37,a34af81b-9649-49a0-893e-c44e98aabcb2
0.5013747188297988,0.0009877680599174575,,1.073667918184863,False,B_PO,ibm_cusco,2023-07-27 11:20:21.896000+03:00,Q37,a34af81b-9649-49a0-893e-c44e98aabcb2
0.0023955941970504268,0.013602485862257783,,1.073667918184863,False,phi_PO,ibm_cusco,2023-07-27 11:20:21.896000+03:00,Q37,a34af81b-9649-49a0-893e-c44e98aabcb2
2203.276666058424,332.9593604549109,,1.4070092210608687,False,Delta_PO,ibm_cusco,2023-07-27 11:20:21.896000+03:00,Q39,a34af81b-9649-49a0-893e-c44e98aabcb2
2313.8162130558776,163.37796269886482,,1.4070092210608687,False,nu_PO,ibm_cusco,2023-07-27 11:20:21.896000+03:00,Q39,a34af81b-9649-49a0-893e-c44e98aabcb2
49889.460453002546,428.6286021268885,,1.4070092210608687,False,freq_e,ibm_cusco,2023-07-27 11:20:21.896000+03:00,Q39,a34af81b-9649-49a0-893e-c44e98aabcb2
54517.0928791143,302.3013566941098,,1.4070092210608687,False,freq_o,ibm_cusco,2023-07-27 11:20:21.896000+03:00,Q39,a34af81b-9649-49a0-893e-c44e98aabcb2
0.5999999999999357,0.05393957387440541,,1.4070092210608687,False,b_PO,ibm_cusco,2023-07-27 11:20:21.896000+03:00,Q39,a34af81b-9649-49a0-893e-c44e98aabcb2
3.622436579020153e-05,1.2663444295686443e-06,,1.4070092210608687,False,T2_PO,ibm_cusco,2023-07-27 11:20:21.896000+03:00,Q39,a34af81b-9649-49a0-893e-c44e98aabcb2
0.4567297833134961,0.0047555158247381555,,1.4070092210608687,False,A_PO,ibm_cusco,2023-07-27 11:20:21.896000+03:00,Q39,a34af81b-9649-49a0-893e-c44e98aabcb2
0.49717648344525245,0.0009932689938056392,,1.4070092210608687,False,B_PO,ibm_cusco,2023-07-27 11:20:21.896000+03:00,Q39,a34af81b-9649-49a0-893e-c44e98aabcb2
-0.03920277716750347,0.015763693652663266,,1.4070092210608687,False,phi_PO,ibm_cusco,2023-07-27 11:20:21.896000+03:00,Q39,a34af81b-9649-49a0-893e-c44e98aabcb2
-1594.7288243273288,18.54538422672107,,7.3867645187505016,False,Delta_PO,ibm_cusco,2023-07-27 11:20:21.896000+03:00,Q41,a34af81b-9649-49a0-893e-c44e98aabcb2
13256.14133162688,11.71398182837553,,7.3867645187505016,False,nu_PO,ibm_cusco,2023-07-27 11:20:21.896000+03:00,Q41,a34af81b-9649-49a0-893e-c44e98aabcb2
35149.12984404579,22.472580701821638,,7.3867645187505016,False,freq_e,ibm_cusco,2023-07-27 11:20:21.896000+03:00,Q41,a34af81b-9649-49a0-893e-c44e98aabcb2
61661.41250729955,21.384115819564926,,7.3867645187505016,False,freq_o,ibm_cusco,2023-07-27 11:20:21.896000+03:00,Q41,a34af81b-9649-49a0-893e-c44e98aabcb2
0.5216580857992887,0.003740799727601473,,7.3867645187505016,False,b_PO,ibm_cusco,2023-07-27 11:20:21.896000+03:00,Q41,a34af81b-9649-49a0-893e-c44e98aabcb2
0.00019705503275286072,3.3348280680596764e-06,,7.3867645187505016,False,T2_PO,ibm_cusco,2023-07-27 11:20:21.896000+03:00,Q41,a34af81b-9649-49a0-893e-c44e98aabcb2
0.44556741089928625,0.0025368532061866332,,7.3867645187505016,False,A_PO,ibm_cusco,2023-07-27 11:20:21.896000+03:00,Q41,a34af81b-9649-49a0-893e-c44e98aabcb2
0.50942841351631,0.0009664564281281657,,7.3867645187505016,False,B_PO,ibm_cusco,2023-07-27 11:20:21.896000+03:00,Q41,a34af81b-9649-49a0-893e-c44e98aabcb2
0.01576910905271542,0.011109653331558906,,7.3867645187505016,False,phi_PO,ibm_cusco,2023-07-27 11:20:21.896000+03:00,Q41,a34af81b-9649-49a0-893e-c44e98aabcb2
-8399.792360805317,244.4412644333646,,7.138549965776069,False,Delta_PO,ibm_cusco,2023-07-27 11:20:21.896000+03:00,Q43,a34af81b-9649-49a0-893e-c44e98aabcb2
621.0791031285044,84.3311838958366,,7.138549965776069,False,nu_PO,ibm_cusco,2023-07-27 11:20:21.896000+03:00,Q43,a34af81b-9649-49a0-893e-c44e98aabcb2
40979.12853606618,299.24048303694843,,7.138549965776069,False,freq_e,ibm_cusco,2023-07-27 11:20:21.896000+03:00,Q43,a34af81b-9649-49a0-893e-c44e98aabcb2
42221.28674232319,210.19441948330777,,7.138549965776069,False,freq_o,ibm_cusco,2023-07-27 11:20:21.896000+03:00,Q43,a34af81b-9649-49a0-893e-c44e98aabcb2
0.5999999999999985,0.16246491797080892,,7.138549965776069,False,b_PO,ibm_cusco,2023-07-27 11:20:21.896000+03:00,Q43,a34af81b-9649-49a0-893e-c44e98aabcb2
0.00011943948135574127,4.78933594863705e-06,,7.138549965776069,False,T2_PO,ibm_cusco,2023-07-27 11:20:21.896000+03:00,Q43,a34af81b-9649-49a0-893e-c44e98aabcb2
0.37762181979929366,0.003914106983578935,,7.138549965776069,False,A_PO,ibm_cusco,2023-07-27 11:20:21.896000+03:00,Q43,a34af81b-9649-49a0-893e-c44e98aabcb2
0.5011441598008,0.0009694161247005025,,7.138549965776069,False,B_PO,ibm_cusco,2023-07-27 11:20:21.896000+03:00,Q43,a34af81b-9649-49a0-893e-c44e98aabcb2
0.03936378394964368,0.012626650435161625,,7.138549965776069,False,phi_PO,ibm_cusco,2023-07-27 11:20:21.896000+03:00,Q43,a34af81b-9649-49a0-893e-c44e98aabcb2
-5255.163138784104,16.630958461559946,,1.212411630997507,False,Delta_PO,ibm_cusco,2023-07-27 11:20:21.896000+03:00,Q45,a34af81b-9649-49a0-893e-c44e98aabcb2
5647.192828569227,10.36384363076764,,1.212411630997507,False,nu_PO,ibm_cusco,2023-07-27 11:20:21.896000+03:00,Q45,a34af81b-9649-49a0-893e-c44e98aabcb2
39097.64403264667,19.693985179656256,,1.212411630997507,False,freq_e,ibm_cusco,2023-07-27 11:20:21.896000+03:00,Q45,a34af81b-9649-49a0-893e-c44e98aabcb2
50392.02968978512,19.497256628811925,,1.212411630997507,False,freq_o,ibm_cusco,2023-07-27 11:20:21.896000+03:00,Q45,a34af81b-9649-49a0-893e-c44e98aabcb2
0.5041846742621883,0.003547893987386144,,1.212411630997507,False,b_PO,ibm_cusco,2023-07-27 11:20:21.896000+03:00,Q45,a34af81b-9649-49a0-893e-c44e98aabcb2
0.00020820354741414002,3.645062041518555e-06,,1.212411630997507,False,T2_PO,ibm_cusco,2023-07-27 11:20:21.896000+03:00,Q45,a34af81b-9649-49a0-893e-c44e98aabcb2
0.46977762541228646,0.002922192512341738,,1.212411630997507,False,A_PO,ibm_cusco,2023-07-27 11:20:21.896000+03:00,Q45,a34af81b-9649-49a0-893e-c44e98aabcb2
0.4995015580812033,0.0009442794947140654,,1.212411630997507,False,B_PO,ibm_cusco,2023-07-27 11:20:21.896000+03:00,Q45,a34af81b-9649-49a0-893e-c44e98aabcb2
-0.014233315065821867,0.009787393466061702,,1.212411630997507,False,phi_PO,ibm_cusco,2023-07-27 11:20:21.896000+03:00,Q45,a34af81b-9649-49a0-893e-c44e98aabcb2
33918.797595028445,150.57689764106942,,1.2669834144931804,False,Delta_PO,ibm_cusco,2023-07-27 11:20:21.896000+03:00,Q47,a34af81b-9649-49a0-893e-c44e98aabcb2
9851.892757517817,114.44281391299519,,1.2669834144931804,False,nu_PO,ibm_cusco,2023-07-27 11:20:21.896000+03:00,Q47,a34af81b-9649-49a0-893e-c44e98aabcb2
74066.90483751064,193.48608529349016,,1.2669834144931804,False,freq_e,ibm_cusco,2023-07-27 11:20:21.896000+03:00,Q47,a34af81b-9649-49a0-893e-c44e98aabcb2
93770.69035254627,184.67337197567855,,1.2669834144931804,False,freq_o,ibm_cusco,2023-07-27 11:20:21.896000+03:00,Q47,a34af81b-9649-49a0-893e-c44e98aabcb2
0.5143086384495776,0.010535420422044514,,1.2669834144931804,False,b_PO,ibm_cusco,2023-07-27 11:20:21.896000+03:00,Q47,a34af81b-9649-49a0-893e-c44e98aabcb2
3.280353579949269e-05,8.584527927881713e-07,,1.2669834144931804,False,T2_PO,ibm_cusco,2023-07-27 11:20:21.896000+03:00,Q47,a34af81b-9649-49a0-893e-c44e98aabcb2
0.44948399990646637,0.0029386068221715074,,1.2669834144931804,False,A_PO,ibm_cusco,2023-07-27 11:20:21.896000+03:00,Q47,a34af81b-9649-49a0-893e-c44e98aabcb2
0.5391201506071353,0.0009942629665114792,,1.2669834144931804,False,B_PO,ibm_cusco,2023-07-27 11:20:21.896000+03:00,Q47,a34af81b-9649-49a0-893e-c44e98aabcb2
0.03896780333331901,0.018555730406062423,,1.2669834144931804,False,phi_PO,ibm_cusco,2023-07-27 11:20:21.896000+03:00,Q47,a34af81b-9649-49a0-893e-c44e98aabcb2
8070.398764129146,78.0974318275289,,4.948016285228703,False,Delta_PO,ibm_cusco,2023-07-27 11:20:21.896000+03:00,Q49,a34af81b-9649-49a0-893e-c44e98aabcb2
3732.6356715891416,50.61536671051542,,4.948016285228703,False,nu_PO,ibm_cusco,2023-07-27 11:20:21.896000+03:00,Q49,a34af81b-9649-49a0-893e-c44e98aabcb2
54337.76309254001,88.59149324659242,,4.948016285228703,False,freq_e,ibm_cusco,2023-07-27 11:20:21.896000+03:00,Q49,a34af81b-9649-49a0-893e-c44e98aabcb2
61803.03443571829,97.3334255789342,,4.948016285228703,False,freq_o,ibm_cusco,2023-07-27 11:20:21.896000+03:00,Q49,a34af81b-9649-49a0-893e-c44e98aabcb2
0.4708073602445233,0.009854117958460504,,4.948016285228703,False,b_PO,ibm_cusco,2023-07-27 11:20:21.896000+03:00,Q49,a34af81b-9649-49a0-893e-c44e98aabcb2
5.4303462911104785e-05,1.207568506236522e-06,,4.948016285228703,False,T2_PO,ibm_cusco,2023-07-27 11:20:21.896000+03:00,Q49,a34af81b-9649-49a0-893e-c44e98aabcb2
0.45896518656394636,0.0028268099809283694,,4.948016285228703,False,A_PO,ibm_cusco,2023-07-27 11:20:21.896000+03:00,Q49,a34af81b-9649-49a0-893e-c44e98aabcb2
0.5100650137640932,0.000987824476284316,,4.948016285228703,False,B_PO,ibm_cusco,2023-07-27 11:20:21.896000+03:00,Q49,a34af81b-9649-49a0-893e-c44e98aabcb2
0.06014549548975429,0.01393881128348552,,4.948016285228703,False,phi_PO,ibm_cusco,2023-07-27 11:20:21.896000+03:00,Q49,a34af81b-9649-49a0-893e-c44e98aabcb2
-7.135358716011979,29.60689887813243,,4.035019347050269,False,Delta_PO,ibm_cusco,2023-07-27 11:20:21.896000+03:00,Q51,a34af81b-9649-49a0-893e-c44e98aabcb2
1814.9451906694558,17.46177574030145,,4.035019347050269,False,nu_PO,ibm_cusco,2023-07-27 11:20:21.896000+03:00,Q51,a34af81b-9649-49a0-893e-c44e98aabcb2
48177.91945061453,35.893061437942144,,4.035019347050269,False,freq_e,ibm_cusco,2023-07-27 11:20:21.896000+03:00,Q51,a34af81b-9649-49a0-893e-c44e98aabcb2
51807.80983195344,32.78188961883055,,4.035019347050269,False,freq_o,ibm_cusco,2023-07-27 11:20:21.896000+03:00,Q51,a34af81b-9649-49a0-893e-c44e98aabcb2
0.5307953242924237,0.00692576890158932,,4.035019347050269,False,b_PO,ibm_cusco,2023-07-27 11:20:21.896000+03:00,Q51,a34af81b-9649-49a0-893e-c44e98aabcb2
0.0001871868044517493,6.584976031003149e-06,,4.035019347050269,False,T2_PO,ibm_cusco,2023-07-27 11:20:21.896000+03:00,Q51,a34af81b-9649-49a0-893e-c44e98aabcb2
0.3005100038294069,0.0037733302195440107,,4.035019347050269,False,A_PO,ibm_cusco,2023-07-27 11:20:21.896000+03:00,Q51,a34af81b-9649-49a0-893e-c44e98aabcb2
0.5036885800281554,0.0009847274424084416,,4.035019347050269,False,B_PO,ibm_cusco,2023-07-27 11:20:21.896000+03:00,Q51,a34af81b-9649-49a0-893e-c44e98aabcb2
0.03207842149477219,0.014593427440799474,,4.035019347050269,False,phi_PO,ibm_cusco,2023-07-27 11:20:21.896000+03:00,Q51,a34af81b-9649-49a0-893e-c44e98aabcb2
-3550.4628414294566,46.23350252749494,,1.2574991000955131,False,Delta_PO,ibm_cusco,2023-07-27 11:20:21.896000+03:00,Q56,a34af81b-9649-49a0-893e-c44e98aabcb2
1844.0449802330731,23.926537088742194,,1.2574991000955131,False,nu_PO,ibm_cusco,2023-07-27 11:20:21.896000+03:00,Q56,a34af81b-9649-49a0-893e-c44e98aabcb2
44605.492178337474,53.68387086262812,,1.2574991000955131,False,freq_e,ibm_cusco,2023-07-27 11:20:21.896000+03:00,Q56,a34af81b-9649-49a0-893e-c44e98aabcb2
48293.58213880362,50.37930006701504,,1.2574991000955131,False,freq_o,ibm_cusco,2023-07-27 11:20:21.896000+03:00,Q56,a34af81b-9649-49a0-893e-c44e98aabcb2
0.5186207573470423,0.009048955571403174,,1.2574991000955131,False,b_PO,ibm_cusco,2023-07-27 11:20:21.896000+03:00,Q56,a34af81b-9649-49a0-893e-c44e98aabcb2
8.811556483861993e-05,1.7944115147220191e-06,,1.2574991000955131,False,T2_PO,ibm_cusco,2023-07-27 11:20:21.896000+03:00,Q56,a34af81b-9649-49a0-893e-c44e98aabcb2
0.48142488530710753,0.0030123244588677917,,1.2574991000955131,False,A_PO,ibm_cusco,2023-07-27 11:20:21.896000+03:00,Q56,a34af81b-9649-49a0-893e-c44e98aabcb2
0.5044042152282732,0.0009524090473354491,,1.2574991000955131,False,B_PO,ibm_cusco,2023-07-27 11:20:21.896000+03:00,Q56,a34af81b-9649-49a0-893e-c44e98aabcb2
0.04535253158163893,0.010270456513339405,,1.2574991000955131,False,phi_PO,ibm_cusco,2023-07-27 11:20:21.896000+03:00,Q56,a34af81b-9649-49a0-893e-c44e98aabcb2
458.69283711382013,17.687518009305563,,1.4690594787687452,False,Delta_PO,ibm_cusco,2023-07-27 11:20:21.896000+03:00,Q58,a34af81b-9649-49a0-893e-c44e98aabcb2
6531.515092748639,12.980581673350738,,1.4690594787687452,False,nu_PO,ibm_cusco,2023-07-27 11:20:21.896000+03:00,Q58,a34af81b-9649-49a0-893e-c44e98aabcb2
43927.17774436518,21.57806195315815,,1.4690594787687452,False,freq_e,ibm_cusco,2023-07-27 11:20:21.896000+03:00,Q58,a34af81b-9649-49a0-893e-c44e98aabcb2
56990.20792986246,22.29517504218668,,1.4690594787687452,False,freq_o,ibm_cusco,2023-07-27 11:20:21.896000+03:00,Q58,a34af81b-9649-49a0-893e-c44e98aabcb2
0.4867488159795149,0.0038108282902153626,,1.4690594787687452,False,b_PO,ibm_cusco,2023-07-27 11:20:21.896000+03:00,Q58,a34af81b-9649-49a0-893e-c44e98aabcb2
0.00016671262042230775,2.211012254501298e-06,,1.4690594787687452,False,T2_PO,ibm_cusco,2023-07-27 11:20:21.896000+03:00,Q58,a34af81b-9649-49a0-893e-c44e98aabcb2
0.48137600339608166,0.0016744974043795353,,1.4690594787687452,False,A_PO,ibm_cusco,2023-07-27 11:20:21.896000+03:00,Q58,a34af81b-9649-49a0-893e-c44e98aabcb2
0.5148583217510044,0.0009471039339059099,,1.4690594787687452,False,B_PO,ibm_cusco,2023-07-27 11:20:21.896000+03:00,Q58,a34af81b-9649-49a0-893e-c44e98aabcb2
0.0287330131609872,0.009881372451574158,,1.4690594787687452,False,phi_PO,ibm_cusco,2023-07-27 11:20:21.896000+03:00,Q58,a34af81b-9649-49a0-893e-c44e98aabcb2
62194.003477541206,75.37537575684418,,4.619575467936141,False,Delta_PO,ibm_cusco,2023-07-27 11:20:21.896000+03:00,Q60,a34af81b-9649-49a0-893e-c44e98aabcb2
4131.461736652789,53.00408357855804,,4.619575467936141,False,nu_PO,ibm_cusco,2023-07-27 11:20:21.896000+03:00,Q60,a34af81b-9649-49a0-893e-c44e98aabcb2
108062.54174088841,97.94771789771973,,4.619575467936141,False,freq_e,ibm_cusco,2023-07-27 11:20:21.896000+03:00,Q60,a34af81b-9649-49a0-893e-c44e98aabcb2
116325.46521419399,85.95350401004691,,4.619575467936141,False,freq_o,ibm_cusco,2023-07-27 11:20:21.896000+03:00,Q60,a34af81b-9649-49a0-893e-c44e98aabcb2
0.5421321327740443,0.009992085400043104,,4.619575467936141,False,b_PO,ibm_cusco,2023-07-27 11:20:21.896000+03:00,Q60,a34af81b-9649-49a0-893e-c44e98aabcb2
5.9920113345473776e-05,1.548032376400033e-06,,4.619575467936141,False,T2_PO,ibm_cusco,2023-07-27 11:20:21.896000+03:00,Q60,a34af81b-9649-49a0-893e-c44e98aabcb2
0.39188806245517877,0.004331602367331091,,4.619575467936141,False,A_PO,ibm_cusco,2023-07-27 11:20:21.896000+03:00,Q60,a34af81b-9649-49a0-893e-c44e98aabcb2
0.5072831907471251,0.000990038436875456,,4.619575467936141,False,B_PO,ibm_cusco,2023-07-27 11:20:21.896000+03:00,Q60,a34af81b-9649-49a0-893e-c44e98aabcb2
-0.06198506964170288,0.0166560491330305,,4.619575467936141,False,phi_PO,ibm_cusco,2023-07-27 11:20:21.896000+03:00,Q60,a34af81b-9649-49a0-893e-c44e98aabcb2
62804.8833726162,1428859.375883923,,3.2460458625838067,False,Delta_PO,ibm_cusco,2023-07-27 11:20:21.896000+03:00,Q62,a34af81b-9649-49a0-893e-c44e98aabcb2
0.23825627021142282,9744181.616219452,,3.2460458625838067,False,nu_PO,ibm_cusco,2023-07-27 11:20:21.896000+03:00,Q62,a34af81b-9649-49a0-893e-c44e98aabcb2
112804.64511634599,8328213.865250977,,3.2460458625838067,False,freq_e,ibm_cusco,2023-07-27 11:20:21.896000+03:00,Q62,a34af81b-9649-49a0-893e-c44e98aabcb2
112805.12162888641,11163435.080049617,,3.2460458625838067,False,freq_o,ibm_cusco,2023-07-27 11:20:21.896000+03:00,Q62,a34af81b-9649-49a0-893e-c44e98aabcb2
0.4256375376392443,377344.51399720873,,3.2460458625838067,False,b_PO,ibm_cusco,2023-07-27 11:20:21.896000+03:00,Q62,a34af81b-9649-49a0-893e-c44e98aabcb2
1.7312119598037206e-05,8.703198251060667e-07,,3.2460458625838067,False,T2_PO,ibm_cusco,2023-07-27 11:20:21.896000+03:00,Q62,a34af81b-9649-49a0-893e-c44e98aabcb2
0.4679556750731466,0.006589969012715296,,3.2460458625838067,False,A_PO,ibm_cusco,2023-07-27 11:20:21.896000+03:00,Q62,a34af81b-9649-49a0-893e-c44e98aabcb2
0.503115736750438,0.0010116845495186284,,3.2460458625838067,False,B_PO,ibm_cusco,2023-07-27 11:20:21.896000+03:00,Q62,a34af81b-9649-49a0-893e-c44e98aabcb2
-0.030269221132087805,0.02064037988753276,,3.2460458625838067,False,phi_PO,ibm_cusco,2023-07-27 11:20:21.896000+03:00,Q62,a34af81b-9649-49a0-893e-c44e98aabcb2
6067.380237605634,352.5336332632988,,1.8090296701128201,False,Delta_PO,ibm_cusco,2023-07-27 11:20:21.896000+03:00,Q64,a34af81b-9649-49a0-893e-c44e98aabcb2
14522.597646661474,273.42732391789326,,1.8090296701128201,False,nu_PO,ibm_cusco,2023-07-27 11:20:21.896000+03:00,Q64,a34af81b-9649-49a0-893e-c44e98aabcb2
41544.78259094416,368.7989631714922,,1.8090296701128201,False,freq_e,ibm_cusco,2023-07-27 11:20:21.896000+03:00,Q64,a34af81b-9649-49a0-893e-c44e98aabcb2
70589.97788426711,511.9299296359587,,1.8090296701128201,False,freq_o,ibm_cusco,2023-07-27 11:20:21.896000+03:00,Q64,a34af81b-9649-49a0-893e-c44e98aabcb2
0.40000000000000013,0.015133975478054834,,1.8090296701128201,False,b_PO,ibm_cusco,2023-07-27 11:20:21.896000+03:00,Q64,a34af81b-9649-49a0-893e-c44e98aabcb2
2.0000000000000005e-05,7.545582857588869e-07,,1.8090296701128201,False,T2_PO,ibm_cusco,2023-07-27 11:20:21.896000+03:00,Q64,a34af81b-9649-49a0-893e-c44e98aabcb2
0.4208436615721266,0.005243625116779894,,1.8090296701128201,False,A_PO,ibm_cusco,2023-07-27 11:20:21.896000+03:00,Q64,a34af81b-9649-49a0-893e-c44e98aabcb2
0.513030467552022,0.0010104420884231608,,1.8090296701128201,False,B_PO,ibm_cusco,2023-07-27 11:20:21.896000+03:00,Q64,a34af81b-9649-49a0-893e-c44e98aabcb2
0.007873792841253875,0.024465132711478002,,1.8090296701128201,False,phi_PO,ibm_cusco,2023-07-27 11:20:21.896000+03:00,Q64,a34af81b-9649-49a0-893e-c44e98aabcb2
-3556.1176007282775,26.617029952048497,,1.3088215561540657,False,Delta_PO,ibm_cusco,2023-07-27 11:20:21.896000+03:00,Q66,a34af81b-9649-49a0-893e-c44e98aabcb2
3683.8357493171316,18.830269769504003,,1.3088215561540657,False,nu_PO,ibm_cusco,2023-07-27 11:20:21.896000+03:00,Q66,a34af81b-9649-49a0-893e-c44e98aabcb2
42760.046649954595,32.55548951679205,,1.3088215561540657,False,freq_e,ibm_cusco,2023-07-27 11:20:21.896000+03:00,Q66,a34af81b-9649-49a0-893e-c44e98aabcb2
50127.71814858886,32.65318956002811,,1.3088215561540657,False,freq_o,ibm_cusco,2023-07-27 11:20:21.896000+03:00,Q66,a34af81b-9649-49a0-893e-c44e98aabcb2
0.4983866959957255,0.005167353776770457,,1.3088215561540657,False,b_PO,ibm_cusco,2023-07-27 11:20:21.896000+03:00,Q66,a34af81b-9649-49a0-893e-c44e98aabcb2
0.00011171338574698858,1.7598637836774486e-06,,1.3088215561540657,False,T2_PO,ibm_cusco,2023-07-27 11:20:21.896000+03:00,Q66,a34af81b-9649-49a0-893e-c44e98aabcb2
0.47586394126367126,0.0025560868958810763,,1.3088215561540657,False,A_PO,ibm_cusco,2023-07-27 11:20:21.896000+03:00,Q66,a34af81b-9649-49a0-893e-c44e98aabcb2
0.500807817294967,0.0009571916134346337,,1.3088215561540657,False,B_PO,ibm_cusco,2023-07-27 11:20:21.896000+03:00,Q66,a34af81b-9649-49a0-893e-c44e98aabcb2
0.021529054405309396,0.01061053166474104,,1.3088215561540657,False,phi_PO,ibm_cusco,2023-07-27 11:20:21.896000+03:00,Q66,a34af81b-9649-49a0-893e-c44e98aabcb2
-28009.041943849053,315.6022339799064,,3.3051828469586995,False,Delta_PO,ibm_cusco,2023-07-27 11:20:21.896000+03:00,Q68,a34af81b-9649-49a0-893e-c44e98aabcb2
2967.828132886829,162.47534218676205,,3.3051828469586995,False,nu_PO,ibm_cusco,2023-07-27 11:20:21.896000+03:00,Q68,a34af81b-9649-49a0-893e-c44e98aabcb2
19023.129923264118,291.805460232549,,3.3051828469586995,False,freq_e,ibm_cusco,2023-07-27 11:20:21.896000+03:00,Q68,a34af81b-9649-49a0-893e-c44e98aabcb2
24958.786189037775,408.4796043893701,,3.3051828469586995,False,freq_o,ibm_cusco,2023-07-27 11:20:21.896000+03:00,Q68,a34af81b-9649-49a0-893e-c44e98aabcb2
0.4044707998543604,0.038308840909997505,,3.3051828469586995,False,b_PO,ibm_cusco,2023-07-27 11:20:21.896000+03:00,Q68,a34af81b-9649-49a0-893e-c44e98aabcb2
3.4176523250204497e-05,1.2935385662294624e-06,,3.3051828469586995,False,T2_PO,ibm_cusco,2023-07-27 11:20:21.896000+03:00,Q68,a34af81b-9649-49a0-893e-c44e98aabcb2
0.4083659293993101,0.004231260782866921,,3.3051828469586995,False,A_PO,ibm_cusco,2023-07-27 11:20:21.896000+03:00,Q68,a34af81b-9649-49a0-893e-c44e98aabcb2
0.5277925230586029,0.0010161737718506546,,3.3051828469586995,False,B_PO,ibm_cusco,2023-07-27 11:20:21.896000+03:00,Q68,a34af81b-9649-49a0-893e-c44e98aabcb2
0.06154657408931184,0.01886473869930875,,3.3051828469586995,False,phi_PO,ibm_cusco,2023-07-27 11:20:21.896000+03:00,Q68,a34af81b-9649-49a0-893e-c44e98aabcb2
-4756.11574454364,56.88564070877588,,1.0725672471320333,False,Delta_PO,ibm_cusco,2023-07-27 11:20:21.896000+03:00,Q70,a34af81b-9649-49a0-893e-c44e98aabcb2
2704.754237628549,35.669566823085354,,1.0725672471320333,False,nu_PO,ibm_cusco,2023-07-27 11:20:21.896000+03:00,Q70,a34af81b-9649-49a0-893e-c44e98aabcb2
42539.13001782781,68.8793537925465,,1.0725672471320333,False,freq_e,ibm_cusco,2023-07-27 11:20:21.896000+03:00,Q70,a34af81b-9649-49a0-893e-c44e98aabcb2
47948.63849308491,65.36224333290735,,1.0725672471320333,False,freq_o,ibm_cusco,2023-07-27 11:20:21.896000+03:00,Q70,a34af81b-9649-49a0-893e-c44e98aabcb2
0.5154395685230395,0.009232441057131302,,1.0725672471320333,False,b_PO,ibm_cusco,2023-07-27 11:20:21.896000+03:00,Q70,a34af81b-9649-49a0-893e-c44e98aabcb2
6.84085855807603e-05,1.4174417514538916e-06,,1.0725672471320333,False,T2_PO,ibm_cusco,2023-07-27 11:20:21.896000+03:00,Q70,a34af81b-9649-49a0-893e-c44e98aabcb2
0.4654975559672156,0.003053516266712306,,1.0725672471320333,False,A_PO,ibm_cusco,2023-07-27 11:20:21.896000+03:00,Q70,a34af81b-9649-49a0-893e-c44e98aabcb2
0.5109559458395538,0.0009741161902142558,,1.0725672471320333,False,B_PO,ibm_cusco,2023-07-27 11:20:21.896000+03:00,Q70,a34af81b-9649-49a0-893e-c44e98aabcb2
0.004987759613227721,0.012071872847004944,,1.0725672471320333,False,phi_PO,ibm_cusco,2023-07-27 11:20:21.896000+03:00,Q70,a34af81b-9649-49a0-893e-c44e98aabcb2
-534.9086237884912,20.925769454112462,,0.9326588438791263,False,Delta_PO,ibm_cusco,2023-07-27 11:20:21.896000+03:00,Q75,a34af81b-9649-49a0-893e-c44e98aabcb2
5457.129957305326,14.377982596563676,,0.9326588438791263,False,nu_PO,ibm_cusco,2023-07-27 11:20:21.896000+03:00,Q75,a34af81b-9649-49a0-893e-c44e98aabcb2
44007.96141890618,27.109962195208475,,0.9326588438791263,False,freq_e,ibm_cusco,2023-07-27 11:20:21.896000+03:00,Q75,a34af81b-9649-49a0-893e-c44e98aabcb2
54922.221333516834,23.543117282167113,,0.9326588438791263,False,freq_o,ibm_cusco,2023-07-27 11:20:21.896000+03:00,Q75,a34af81b-9649-49a0-893e-c44e98aabcb2
0.5524419875973794,0.004135725175803327,,0.9326588438791263,False,b_PO,ibm_cusco,2023-07-27 11:20:21.896000+03:00,Q75,a34af81b-9649-49a0-893e-c44e98aabcb2
0.00014439437053724908,2.1590405300538737e-06,,0.9326588438791263,False,T2_PO,ibm_cusco,2023-07-27 11:20:21.896000+03:00,Q75,a34af81b-9649-49a0-893e-c44e98aabcb2
0.4821414588969721,0.002508880801151199,,0.9326588438791263,False,A_PO,ibm_cusco,2023-07-27 11:20:21.896000+03:00,Q75,a34af81b-9649-49a0-893e-c44e98aabcb2
0.5021416709049592,0.0009528092454351988,,0.9326588438791263,False,B_PO,ibm_cusco,2023-07-27 11:20:21.896000+03:00,Q75,a34af81b-9649-49a0-893e-c44e98aabcb2
0.021489252671974317,0.010070187110460344,,0.9326588438791263,False,phi_PO,ibm_cusco,2023-07-27 11:20:21.896000+03:00,Q75,a34af81b-9649-49a0-893e-c44e98aabcb2
-6003.588514378513,18.105883732955512,,1.122376860249505,False,Delta_PO,ibm_cusco,2023-07-27 11:20:21.896000+03:00,Q77,a34af81b-9649-49a0-893e-c44e98aabcb2
6492.887994724591,13.39615433082142,,1.122376860249505,False,nu_PO,ibm_cusco,2023-07-27 11:20:21.896000+03:00,Q77,a34af81b-9649-49a0-893e-c44e98aabcb2
37503.52349089689,21.563895302699294,,1.122376860249505,False,freq_e,ibm_cusco,2023-07-27 11:20:21.896000+03:00,Q77,a34af81b-9649-49a0-893e-c44e98aabcb2
50489.299480346075,23.44266138021023,,1.122376860249505,False,freq_o,ibm_cusco,2023-07-27 11:20:21.896000+03:00,Q77,a34af81b-9649-49a0-893e-c44e98aabcb2
0.4670393752101666,0.003885411813367632,,1.122376860249505,False,b_PO,ibm_cusco,2023-07-27 11:20:21.896000+03:00,Q77,a34af81b-9649-49a0-893e-c44e98aabcb2
0.00016387572980844242,2.3695924794358227e-06,,1.122376860249505,False,T2_PO,ibm_cusco,2023-07-27 11:20:21.896000+03:00,Q77,a34af81b-9649-49a0-893e-c44e98aabcb2
0.47737000057777706,0.0025028914829544266,,1.122376860249505,False,A_PO,ibm_cusco,2023-07-27 11:20:21.896000+03:00,Q77,a34af81b-9649-49a0-893e-c44e98aabcb2
0.5052291866174379,0.0009516874724225027,,1.122376860249505,False,B_PO,ibm_cusco,2023-07-27 11:20:21.896000+03:00,Q77,a34af81b-9649-49a0-893e-c44e98aabcb2
0.019472291840327196,0.0099998213143946,,1.122376860249505,False,phi_PO,ibm_cusco,2023-07-27 11:20:21.896000+03:00,Q77,a34af81b-9649-49a0-893e-c44e98aabcb2
3121.4640472281753,36.41895031165907,,1.2069397013217789,False,Delta_PO,ibm_cusco,2023-07-27 11:20:21.896000+03:00,Q79,a34af81b-9649-49a0-893e-c44e98aabcb2
2499.8476694277742,25.576249062493016,,1.2069397013217789,False,nu_PO,ibm_cusco,2023-07-27 11:20:21.896000+03:00,Q79,a34af81b-9649-49a0-893e-c44e98aabcb2
50621.616377800405,46.87417396515605,,1.2069397013217789,False,freq_e,ibm_cusco,2023-07-27 11:20:21.896000+03:00,Q79,a34af81b-9649-49a0-893e-c44e98aabcb2
55621.31171665595,41.99738957249393,,1.2069397013217789,False,freq_o,ibm_cusco,2023-07-27 11:20:21.896000+03:00,Q79,a34af81b-9649-49a0-893e-c44e98aabcb2
0.5340729590500444,0.007355708301514088,,1.2069397013217789,False,b_PO,ibm_cusco,2023-07-27 11:20:21.896000+03:00,Q79,a34af81b-9649-49a0-893e-c44e98aabcb2
9.234556213640216e-05,1.81695525039977e-06,,1.2069397013217789,False,T2_PO,ibm_cusco,2023-07-27 11:20:21.896000+03:00,Q79,a34af81b-9649-49a0-893e-c44e98aabcb2
0.4425072788352308,0.0035740539490189075,,1.2069397013217789,False,A_PO,ibm_cusco,2023-07-27 11:20:21.896000+03:00,Q79,a34af81b-9649-49a0-893e-c44e98aabcb2
0.5111589229233681,0.0009698746979807976,,1.2069397013217789,False,B_PO,ibm_cusco,2023-07-27 11:20:21.896000+03:00,Q79,a34af81b-9649-49a0-893e-c44e98aabcb2
0.05868693485329776,0.011418315795706903,,1.2069397013217789,False,phi_PO,ibm_cusco,2023-07-27 11:20:21.896000+03:00,Q79,a34af81b-9649-49a0-893e-c44e98aabcb2
2018.5049201484799,41.36757073114899,,5.919454029792367,False,Delta_PO,ibm_cusco,2023-07-27 11:20:21.896000+03:00,Q81,a34af81b-9649-49a0-893e-c44e98aabcb2
3231.628969486912,29.500599709226726,,5.919454029792367,False,nu_PO,ibm_cusco,2023-07-27 11:20:21.896000+03:00,Q81,a34af81b-9649-49a0-893e-c44e98aabcb2
48786.87595066157,54.63107534535965,,5.919454029792367,False,freq_e,ibm_cusco,2023-07-27 11:20:21.896000+03:00,Q81,a34af81b-9649-49a0-893e-c44e98aabcb2
55250.13388963539,46.67513459445963,,5.919454029792367,False,freq_o,ibm_cusco,2023-07-27 11:20:21.896000+03:00,Q81,a34af81b-9649-49a0-893e-c44e98aabcb2
0.5499141079962027,0.007115813980863588,,5.919454029792367,False,b_PO,ibm_cusco,2023-07-27 11:20:21.896000+03:00,Q81,a34af81b-9649-49a0-893e-c44e98aabcb2
8.100443360461508e-05,1.5289582201256279e-06,,5.919454029792367,False,T2_PO,ibm_cusco,2023-07-27 11:20:21.896000+03:00,Q81,a34af81b-9649-49a0-893e-c44e98aabcb2
0.4597074427858097,0.0031661054667328206,,5.919454029792367,False,A_PO,ibm_cusco,2023-07-27 11:20:21.896000+03:00,Q81,a34af81b-9649-49a0-893e-c44e98aabcb2
0.5084782911173134,0.0009671625971425726,,5.919454029792367,False,B_PO,ibm_cusco,2023-07-27 11:20:21.896000+03:00,Q81,a34af81b-9649-49a0-893e-c44e98aabcb2
-0.09999999999999999,0.011544928056717738,,5.919454029792367,False,phi_PO,ibm_cusco,2023-07-27 11:20:21.896000+03:00,Q81,a34af81b-9649-49a0-893e-c44e98aabcb2
-5313.152976527694,60.32983812680656,,1.158020950762282,False,Delta_PO,ibm_cusco,2023-07-27 11:20:21.896000+03:00,Q83,a34af81b-9649-49a0-893e-c44e98aabcb2
6036.005539660815,46.165196009988456,,1.158020950762282,False,nu_PO,ibm_cusco,2023-07-27 11:20:21.896000+03:00,Q83,a34af81b-9649-49a0-893e-c44e98aabcb2
38650.84148381149,74.22080743828113,,1.158020950762282,False,freq_e,ibm_cusco,2023-07-27 11:20:21.896000+03:00,Q83,a34af81b-9649-49a0-893e-c44e98aabcb2
50722.85256313312,77.67303988710799,,1.158020950762282,False,freq_o,ibm_cusco,2023-07-27 11:20:21.896000+03:00,Q83,a34af81b-9649-49a0-893e-c44e98aabcb2
0.48568119784034924,0.007337250765074908,,1.158020950762282,False,b_PO,ibm_cusco,2023-07-27 11:20:21.896000+03:00,Q83,a34af81b-9649-49a0-893e-c44e98aabcb2
5.8601256634681276e-05,1.079099056567653e-06,,1.158020950762282,False,T2_PO,ibm_cusco,2023-07-27 11:20:21.896000+03:00,Q83,a34af81b-9649-49a0-893e-c44e98aabcb2
0.47258634345648665,0.0019605664594503124,,1.158020950762282,False,A_PO,ibm_cusco,2023-07-27 11:20:21.896000+03:00,Q83,a34af81b-9649-49a0-893e-c44e98aabcb2
0.5237301317744807,0.0009867647702326324,,1.158020950762282,False,B_PO,ibm_cusco,2023-07-27 11:20:21.896000+03:00,Q83,a34af81b-9649-49a0-893e-c44e98aabcb2
-0.008168708479945294,0.01339645877419726,,1.158020950762282,False,phi_PO,ibm_cusco,2023-07-27 11:20:21.896000+03:00,Q83,a34af81b-9649-49a0-893e-c44e98aabcb2
-30467.005169578835,322.0126545953843,,1.1948308648343993,False,Delta_PO,ibm_cusco,2023-07-27 11:20:21.896000+03:00,Q85,a34af81b-9649-49a0-893e-c44e98aabcb2
869.0673297835801,122.76779963048928,,1.1948308648343993,False,nu_PO,ibm_cusco,2023-07-27 11:20:21.896000+03:00,Q85,a34af81b-9649-49a0-893e-c44e98aabcb2
18663.927500637583,277.994868267857,,1.1948308648343993,False,freq_e,ibm_cusco,2023-07-27 11:20:21.896000+03:00,Q85,a34af81b-9649-49a0-893e-c44e98aabcb2
20402.062160204743,400.3086533015409,,1.1948308648343993,False,freq_o,ibm_cusco,2023-07-27 11:20:21.896000+03:00,Q85,a34af81b-9649-49a0-893e-c44e98aabcb2
0.40000000000000013,0.15448321685220123,,1.1948308648343993,False,b_PO,ibm_cusco,2023-07-27 11:20:21.896000+03:00,Q85,a34af81b-9649-49a0-893e-c44e98aabcb2
6.476013128497793e-05,1.902504217296219e-06,,1.1948308648343993,False,T2_PO,ibm_cusco,2023-07-27 11:20:21.896000+03:00,Q85,a34af81b-9649-49a0-893e-c44e98aabcb2
0.46264907730726024,0.0038283048593248585,,1.1948308648343993,False,A_PO,ibm_cusco,2023-07-27 11:20:21.896000+03:00,Q85,a34af81b-9649-49a0-893e-c44e98aabcb2
0.5039564900941524,0.0009919819398030683,,1.1948308648343993,False,B_PO,ibm_cusco,2023-07-27 11:20:21.896000+03:00,Q85,a34af81b-9649-49a0-893e-c44e98aabcb2
0.026048588091983623,0.012128209728613426,,1.1948308648343993,False,phi_PO,ibm_cusco,2023-07-27 11:20:21.896000+03:00,Q85,a34af81b-9649-49a0-893e-c44e98aabcb2
-7484.377020812899,2598.3992823285876,,1.217751418194531,False,Delta_PO,ibm_cusco,2023-07-27 11:20:21.896000+03:00,Q87,a34af81b-9649-49a0-893e-c44e98aabcb2
4203.846456036819,1043.4268195618881,,1.217751418194531,False,nu_PO,ibm_cusco,2023-07-27 11:20:21.896000+03:00,Q87,a34af81b-9649-49a0-893e-c44e98aabcb2
38311.77652315028,2918.5364528458604,,1.217751418194531,False,freq_e,ibm_cusco,2023-07-27 11:20:21.896000+03:00,Q87,a34af81b-9649-49a0-893e-c44e98aabcb2
46719.46943522392,2676.374728953965,,1.217751418194531,False,freq_o,ibm_cusco,2023-07-27 11:20:21.896000+03:00,Q87,a34af81b-9649-49a0-893e-c44e98aabcb2
0.5251846826580808,0.2637236922846696,,1.217751418194531,False,b_PO,ibm_cusco,2023-07-27 11:20:21.896000+03:00,Q87,a34af81b-9649-49a0-893e-c44e98aabcb2
1.4068060118776483e-05,9.42377416000557e-07,,1.217751418194531,False,T2_PO,ibm_cusco,2023-07-27 11:20:21.896000+03:00,Q87,a34af81b-9649-49a0-893e-c44e98aabcb2
0.3952766909259196,0.0075314195124395284,,1.217751418194531,False,A_PO,ibm_cusco,2023-07-27 11:20:21.896000+03:00,Q87,a34af81b-9649-49a0-893e-c44e98aabcb2
0.5215735605622829,0.001013359090009673,,1.217751418194531,False,B_PO,ibm_cusco,2023-07-27 11:20:21.896000+03:00,Q87,a34af81b-9649-49a0-893e-c44e98aabcb2
-0.006778606304238079,0.027195969296399402,,1.217751418194531,False,phi_PO,ibm_cusco,2023-07-27 11:20:21.896000+03:00,Q87,a34af81b-9649-49a0-893e-c44e98aabcb2
21554.57608653378,1936727.8591760143,,3.212495740794943,False,Delta_PO,ibm_cusco,2023-07-27 11:20:21.896000+03:00,Q89,a34af81b-9649-49a0-893e-c44e98aabcb2
0.29014248935709475,37948917.79360203,,3.212495740794943,False,nu_PO,ibm_cusco,2023-07-27 11:20:21.896000+03:00,Q89,a34af81b-9649-49a0-893e-c44e98aabcb2
71554.86622902313,39836695.68531142,,3.212495740794943,False,freq_e,ibm_cusco,2023-07-27 11:20:21.896000+03:00,Q89,a34af81b-9649-49a0-893e-c44e98aabcb2
71554.28594404442,36066330.973472156,,3.212495740794943,False,freq_o,ibm_cusco,2023-07-27 11:20:21.896000+03:00,Q89,a34af81b-9649-49a0-893e-c44e98aabcb2
0.47386917804940343,782328.6102674291,,3.212495740794943,False,b_PO,ibm_cusco,2023-07-27 11:20:21.896000+03:00,Q89,a34af81b-9649-49a0-893e-c44e98aabcb2
1.0000000000000003e-05,8.47840171831956e-07,,3.212495740794943,False,T2_PO,ibm_cusco,2023-07-27 11:20:21.896000+03:00,Q89,a34af81b-9649-49a0-893e-c44e98aabcb2
0.4030464489488471,0.009942068483092483,,3.212495740794943,False,A_PO,ibm_cusco,2023-07-27 11:20:21.896000+03:00,Q89,a34af81b-9649-49a0-893e-c44e98aabcb2
0.48710730736034746,0.0010094074316742817,,3.212495740794943,False,B_PO,ibm_cusco,2023-07-27 11:20:21.896000+03:00,Q89,a34af81b-9649-49a0-893e-c44e98aabcb2
-0.09999999999999999,0.027931097519213976,,3.212495740794943,False,phi_PO,ibm_cusco,2023-07-27 11:20:21.896000+03:00,Q89,a34af81b-9649-49a0-893e-c44e98aabcb2
-85034.3909057767,1329.9597431556012,,1.7940291345307693,False,Delta_PO,ibm_cusco,2023-07-27 11:20:21.896000+03:00,Q94,a34af81b-9649-49a0-893e-c44e98aabcb2
64269.838510077,1131.5469668937103,,1.7940291345307693,False,nu_PO,ibm_cusco,2023-07-27 11:20:21.896000+03:00,Q94,a34af81b-9649-49a0-893e-c44e98aabcb2
29235.447604300294,1446.5438649681516,,1.7940291345307693,False,freq_e,ibm_cusco,2023-07-27 11:20:21.896000+03:00,Q94,a34af81b-9649-49a0-893e-c44e98aabcb2
-99304.22941585371,2001.4728976742945,,1.7940291345307693,False,freq_o,ibm_cusco,2023-07-27 11:20:21.896000+03:00,Q94,a34af81b-9649-49a0-893e-c44e98aabcb2
0.5999999999999999,0.025222200281318566,,1.7940291345307693,False,b_PO,ibm_cusco,2023-07-27 11:20:21.896000+03:00,Q94,a34af81b-9649-49a0-893e-c44e98aabcb2
1.0000000000000003e-05,7.8032733514915e-07,,1.7940291345307693,False,T2_PO,ibm_cusco,2023-07-27 11:20:21.896000+03:00,Q94,a34af81b-9649-49a0-893e-c44e98aabcb2
0.30000000000000004,0.01313459384729464,,1.7940291345307693,False,A_PO,ibm_cusco,2023-07-27 11:20:21.896000+03:00,Q94,a34af81b-9649-49a0-893e-c44e98aabcb2
0.5055861122863626,0.001024126852278244,,1.7940291345307693,False,B_PO,ibm_cusco,2023-07-27 11:20:21.896000+03:00,Q94,a34af81b-9649-49a0-893e-c44e98aabcb2
0.09999999999999999,0.046034021357687555,,1.7940291345307693,False,phi_PO,ibm_cusco,2023-07-27 11:20:21.896000+03:00,Q94,a34af81b-9649-49a0-893e-c44e98aabcb2
188116.0256821148,2852.91965094964,,1.3328544528867863,False,Delta_PO,ibm_cusco,2023-07-27 11:20:21.896000+03:00,Q96,a34af81b-9649-49a0-893e-c44e98aabcb2
8452.13499600804,1422.2198769813347,,1.3328544528867863,False,nu_PO,ibm_cusco,2023-07-27 11:20:21.896000+03:00,Q96,a34af81b-9649-49a0-893e-c44e98aabcb2
229663.89068610675,2606.4531976235908,,1.3328544528867863,False,freq_e,ibm_cusco,2023-07-27 11:20:21.896000+03:00,Q96,a34af81b-9649-49a0-893e-c44e98aabcb2
246568.16067812283,3678.3313547189564,,1.3328544528867863,False,freq_o,ibm_cusco,2023-07-27 11:20:21.896000+03:00,Q96,a34af81b-9649-49a0-893e-c44e98aabcb2
0.40000000000000013,0.12817468088902223,,1.3328544528867863,False,b_PO,ibm_cusco,2023-07-27 11:20:21.896000+03:00,Q96,a34af81b-9649-49a0-893e-c44e98aabcb2
1.0000000000000003e-05,8.442338280193386e-07,,1.3328544528867863,False,T2_PO,ibm_cusco,2023-07-27 11:20:21.896000+03:00,Q96,a34af81b-9649-49a0-893e-c44e98aabcb2
0.3568607213137356,0.008893799290522754,,1.3328544528867863,False,A_PO,ibm_cusco,2023-07-27 11:20:21.896000+03:00,Q96,a34af81b-9649-49a0-893e-c44e98aabcb2
0.5178486746526133,0.0010044459110915792,,1.3328544528867863,False,B_PO,ibm_cusco,2023-07-27 11:20:21.896000+03:00,Q96,a34af81b-9649-49a0-893e-c44e98aabcb2
-0.028987572652025406,0.03523661228643934,,1.3328544528867863,False,phi_PO,ibm_cusco,2023-07-27 11:20:21.896000+03:00,Q96,a34af81b-9649-49a0-893e-c44e98aabcb2
-61647.13049675561,1032.2681943188704,,7.462682431846071,False,Delta_PO,ibm_cusco,2023-07-27 11:20:21.896000+03:00,Q98,a34af81b-9649-49a0-893e-c44e98aabcb2
85907.06817071218,871.794584219622,,7.462682431846071,False,nu_PO,ibm_cusco,2023-07-27 11:20:21.896000+03:00,Q98,a34af81b-9649-49a0-893e-c44e98aabcb2
-97554.19866746779,1395.7995819546063,,7.462682431846071,False,freq_e,ibm_cusco,2023-07-27 11:20:21.896000+03:00,Q98,a34af81b-9649-49a0-893e-c44e98aabcb2
74259.93767395656,1304.9714062650403,,7.462682431846071,False,freq_o,ibm_cusco,2023-07-27 11:20:21.896000+03:00,Q98,a34af81b-9649-49a0-893e-c44e98aabcb2
0.51983766470278,0.019645411160720837,,7.462682431846071,False,b_PO,ibm_cusco,2023-07-27 11:20:21.896000+03:00,Q98,a34af81b-9649-49a0-893e-c44e98aabcb2
1.0000000000000003e-05,5.66835665561325e-07,,7.462682431846071,False,T2_PO,ibm_cusco,2023-07-27 11:20:21.896000+03:00,Q98,a34af81b-9649-49a0-893e-c44e98aabcb2
0.3589556077591046,0.004971010779277416,,7.462682431846071,False,A_PO,ibm_cusco,2023-07-27 11:20:21.896000+03:00,Q98,a34af81b-9649-49a0-893e-c44e98aabcb2
0.5999999999999999,0.000973555162473832,,7.462682431846071,False,B_PO,ibm_cusco,2023-07-27 11:20:21.896000+03:00,Q98,a34af81b-9649-49a0-893e-c44e98aabcb2
0.09999999999999999,0.03650585489249611,,7.462682431846071,False,phi_PO,ibm_cusco,2023-07-27 11:20:21.896000+03:00,Q98,a34af81b-9649-49a0-893e-c44e98aabcb2
-10875.786281282482,137367.22041064233,,1.2711115817265077,False,Delta_PO,ibm_cusco,2023-07-27 11:20:21.896000+03:00,Q100,a34af81b-9649-49a0-893e-c44e98aabcb2
0.1808309949337854,4597514.2672460405,,1.2711115817265077,False,nu_PO,ibm_cusco,2023-07-27 11:20:21.896000+03:00,Q100,a34af81b-9649-49a0-893e-c44e98aabcb2
39124.032887722584,4659405.899636774,,1.2711115817265077,False,freq_e,ibm_cusco,2023-07-27 11:20:21.896000+03:00,Q100,a34af81b-9649-49a0-893e-c44e98aabcb2
39124.39454971245,4538937.215249677,,1.2711115817265077,False,freq_o,ibm_cusco,2023-07-27 11:20:21.896000+03:00,Q100,a34af81b-9649-49a0-893e-c44e98aabcb2
0.507696043310495,342604.5802450831,,1.2711115817265077,False,b_PO,ibm_cusco,2023-07-27 11:20:21.896000+03:00,Q100,a34af81b-9649-49a0-893e-c44e98aabcb2
2.8348398088887243e-05,1.4679739669691378e-06,,1.2711115817265077,False,T2_PO,ibm_cusco,2023-07-27 11:20:21.896000+03:00,Q100,a34af81b-9649-49a0-893e-c44e98aabcb2
0.40020026103627776,0.00605857811379003,,1.2711115817265077,False,A_PO,ibm_cusco,2023-07-27 11:20:21.896000+03:00,Q100,a34af81b-9649-49a0-893e-c44e98aabcb2
0.5262832487259784,0.0010063468947695017,,1.2711115817265077,False,B_PO,ibm_cusco,2023-07-27 11:20:21.896000+03:00,Q100,a34af81b-9649-49a0-893e-c44e98aabcb2
-0.07738526296768328,0.018481975756662623,,1.2711115817265077,False,phi_PO,ibm_cusco,2023-07-27 11:20:21.896000+03:00,Q100,a34af81b-9649-49a0-893e-c44e98aabcb2
10144.388636859047,1610.511055138821,,1.1004743546786178,False,Delta_PO,ibm_cusco,2023-07-27 11:20:21.896000+03:00,Q102,a34af81b-9649-49a0-893e-c44e98aabcb2
6673.0739131291375,793.3197705275021,,1.1004743546786178,False,nu_PO,ibm_cusco,2023-07-27 11:20:21.896000+03:00,Q102,a34af81b-9649-49a0-893e-c44e98aabcb2
53471.314723729905,1455.6771741182718,,1.1004743546786178,False,freq_e,ibm_cusco,2023-07-27 11:20:21.896000+03:00,Q102,a34af81b-9649-49a0-893e-c44e98aabcb2
66817.46254998818,2080.194269490082,,1.1004743546786178,False,freq_o,ibm_cusco,2023-07-27 11:20:21.896000+03:00,Q102,a34af81b-9649-49a0-893e-c44e98aabcb2
0.40000000000000013,0.09094170928752571,,1.1004743546786178,False,b_PO,ibm_cusco,2023-07-27 11:20:21.896000+03:00,Q102,a34af81b-9649-49a0-893e-c44e98aabcb2
1.2763166685973804e-05,6.879030505171828e-07,,1.1004743546786178,False,T2_PO,ibm_cusco,2023-07-27 11:20:21.896000+03:00,Q102,a34af81b-9649-49a0-893e-c44e98aabcb2
0.4330425264620034,0.004069679997550733,,1.1004743546786178,False,A_PO,ibm_cusco,2023-07-27 11:20:21.896000+03:00,Q102,a34af81b-9649-49a0-893e-c44e98aabcb2
0.5504385155706135,0.0010049128112872613,,1.1004743546786178,False,B_PO,ibm_cusco,2023-07-27 11:20:21.896000+03:00,Q102,a34af81b-9649-49a0-893e-c44e98aabcb2
0.03322864765282978,0.025129426303849605,,1.1004743546786178,False,phi_PO,ibm_cusco,2023-07-27 11:20:21.896000+03:00,Q102,a34af81b-9649-49a0-893e-c44e98aabcb2
40492.98568704503,1723.6429265190598,,1.3736537958006665,False,Delta_PO,ibm_cusco,2023-07-27 11:20:21.896000+03:00,Q104,a34af81b-9649-49a0-893e-c44e98aabcb2
8351.993712348107,887.167480377385,,1.3736537958006665,False,nu_PO,ibm_cusco,2023-07-27 11:20:21.896000+03:00,Q104,a34af81b-9649-49a0-893e-c44e98aabcb2
82140.99197469692,1612.0649248728305,,1.3736537958006665,False,freq_e,ibm_cusco,2023-07-27 11:20:21.896000+03:00,Q104,a34af81b-9649-49a0-893e-c44e98aabcb2
98844.97939939314,2217.4915627238465,,1.3736537958006665,False,freq_o,ibm_cusco,2023-07-27 11:20:21.896000+03:00,Q104,a34af81b-9649-49a0-893e-c44e98aabcb2
0.40936116585749316,0.07619032255136307,,1.3736537958006665,False,b_PO,ibm_cusco,2023-07-27 11:20:21.896000+03:00,Q104,a34af81b-9649-49a0-893e-c44e98aabcb2
1.174680517929813e-05,8.00469052273516e-07,,1.3736537958006665,False,T2_PO,ibm_cusco,2023-07-27 11:20:21.896000+03:00,Q104,a34af81b-9649-49a0-893e-c44e98aabcb2
0.37562234354824825,0.006095609613608049,,1.3736537958006665,False,A_PO,ibm_cusco,2023-07-27 11:20:21.896000+03:00,Q104,a34af81b-9649-49a0-893e-c44e98aabcb2
0.5735879761244471,0.0009972460647619833,,1.3736537958006665,False,B_PO,ibm_cusco,2023-07-27 11:20:21.896000+03:00,Q104,a34af81b-9649-49a0-893e-c44e98aabcb2
0.033644543152414615,0.031020392682063722,,1.3736537958006665,False,phi_PO,ibm_cusco,2023-07-27 11:20:21.896000+03:00,Q104,a34af81b-9649-49a0-893e-c44e98aabcb2
-20798.923986150206,1434390.371230219,,1.644151296470605,False,Delta_PO,ibm_cusco,2023-07-27 11:20:21.896000+03:00,Q106,a34af81b-9649-49a0-893e-c44e98aabcb2
0.9782514367525437,9112143.752133723,,1.644151296470605,False,nu_PO,ibm_cusco,2023-07-27 11:20:21.896000+03:00,Q106,a34af81b-9649-49a0-893e-c44e98aabcb2
29202.054265286544,10316700.481792169,,1.644151296470605,False,freq_e,ibm_cusco,2023-07-27 11:20:21.896000+03:00,Q106,a34af81b-9649-49a0-893e-c44e98aabcb2
29200.09776241304,7983919.473682364,,1.644151296470605,False,freq_o,ibm_cusco,2023-07-27 11:20:21.896000+03:00,Q106,a34af81b-9649-49a0-893e-c44e98aabcb2
0.4351736142118172,423252.8637365135,,1.644151296470605,False,b_PO,ibm_cusco,2023-07-27 11:20:21.896000+03:00,Q106,a34af81b-9649-49a0-893e-c44e98aabcb2
1.2597116289715016e-05,1.4317655979414467e-06,,1.644151296470605,False,T2_PO,ibm_cusco,2023-07-27 11:20:21.896000+03:00,Q106,a34af81b-9649-49a0-893e-c44e98aabcb2
0.30000000000000004,0.011728561334497683,,1.644151296470605,False,A_PO,ibm_cusco,2023-07-27 11:20:21.896000+03:00,Q106,a34af81b-9649-49a0-893e-c44e98aabcb2
0.5013018016091453,0.0010241433920357619,,1.644151296470605,False,B_PO,ibm_cusco,2023-07-27 11:20:21.896000+03:00,Q106,a34af81b-9649-49a0-893e-c44e98aabcb2
0.029777848171966066,0.03610811797243776,,1.644151296470605,False,phi_PO,ibm_cusco,2023-07-27 11:20:21.896000+03:00,Q106,a34af81b-9649-49a0-893e-c44e98aabcb2
-3314.5814759790956,3717732.8529941905,,0.9278646805636517,False,Delta_PO,ibm_cusco,2023-07-27 11:20:21.896000+03:00,Q108,a34af81b-9649-49a0-893e-c44e98aabcb2
0.4772971268357651,18370879.26844108,,0.9278646805636517,False,nu_PO,ibm_cusco,2023-07-27 11:20:21.896000+03:00,Q108,a34af81b-9649-49a0-893e-c44e98aabcb2
46684.94122689407,14688230.341560878,,0.9278646805636517,False,freq_e,ibm_cusco,2023-07-27 11:20:21.896000+03:00,Q108,a34af81b-9649-49a0-893e-c44e98aabcb2
46685.895821147744,22065297.975712713,,0.9278646805636517,False,freq_o,ibm_cusco,2023-07-27 11:20:21.896000+03:00,Q108,a34af81b-9649-49a0-893e-c44e98aabcb2
0.4003377995474223,478057.5792251048,,0.9278646805636517,False,b_PO,ibm_cusco,2023-07-27 11:20:21.896000+03:00,Q108,a34af81b-9649-49a0-893e-c44e98aabcb2
1.02954726075702e-05,6.420293570357486e-07,,0.9278646805636517,False,T2_PO,ibm_cusco,2023-07-27 11:20:21.896000+03:00,Q108,a34af81b-9649-49a0-893e-c44e98aabcb2
0.45492101317901096,0.005429021674452374,,0.9278646805636517,False,A_PO,ibm_cusco,2023-07-27 11:20:21.896000+03:00,Q108,a34af81b-9649-49a0-893e-c44e98aabcb2
0.5123302779821148,0.0010144974050137086,,0.9278646805636517,False,B_PO,ibm_cusco,2023-07-27 11:20:21.896000+03:00,Q108,a34af81b-9649-49a0-893e-c44e98aabcb2
0.03116127873925564,0.02450862406031872,,0.9278646805636517,False,phi_PO,ibm_cusco,2023-07-27 11:20:21.896000+03:00,Q108,a34af81b-9649-49a0-893e-c44e98aabcb2
56908.302286573045,553.3710753300011,,1.0574813611537246,False,Delta_PO,ibm_cusco,2023-07-27 11:20:21.896000+03:00,Q114,a34af81b-9649-49a0-893e-c44e98aabcb2
5562.749448000439,294.61028755982704,,1.0574813611537246,False,nu_PO,ibm_cusco,2023-07-27 11:20:21.896000+03:00,Q114,a34af81b-9649-49a0-893e-c44e98aabcb2
101345.5528385726,724.0518078828027,,1.0574813611537246,False,freq_e,ibm_cusco,2023-07-27 11:20:21.896000+03:00,Q114,a34af81b-9649-49a0-893e-c44e98aabcb2
112471.05173457348,511.64295812370625,,1.0574813611537246,False,freq_o,ibm_cusco,2023-07-27 11:20:21.896000+03:00,Q114,a34af81b-9649-49a0-893e-c44e98aabcb2
0.5999999999999999,0.0357496424681097,,1.0574813611537246,False,b_PO,ibm_cusco,2023-07-27 11:20:21.896000+03:00,Q114,a34af81b-9649-49a0-893e-c44e98aabcb2
2.0083805009298385e-05,8.444665580324804e-07,,1.0574813611537246,False,T2_PO,ibm_cusco,2023-07-27 11:20:21.896000+03:00,Q114,a34af81b-9649-49a0-893e-c44e98aabcb2
0.46177965157907636,0.004851585372438097,,1.0574813611537246,False,A_PO,ibm_cusco,2023-07-27 11:20:21.896000+03:00,Q114,a34af81b-9649-49a0-893e-c44e98aabcb2
0.5039697776678347,0.000997524402325329,,1.0574813611537246,False,B_PO,ibm_cusco,2023-07-27 11:20:21.896000+03:00,Q114,a34af81b-9649-49a0-893e-c44e98aabcb2
0.0320793488580838,0.0212724078584148,,1.0574813611537246,False,phi_PO,ibm_cusco,2023-07-27 11:20:21.896000+03:00,Q114,a34af81b-9649-49a0-893e-c44e98aabcb2
-1786.6856747960192,1091.6805887718276,,1.2627247921773914,False,Delta_PO,ibm_cusco,2023-07-27 11:20:21.896000+03:00,Q116,a34af81b-9649-49a0-893e-c44e98aabcb2
209.28593980913138,247.8506901520556,,1.2627247921773914,False,nu_PO,ibm_cusco,2023-07-27 11:20:21.896000+03:00,Q116,a34af81b-9649-49a0-893e-c44e98aabcb2
48004.02838539485,881.9088390974035,,1.2627247921773914,False,freq_e,ibm_cusco,2023-07-27 11:20:21.896000+03:00,Q116,a34af81b-9649-49a0-893e-c44e98aabcb2
48422.60026501311,1314.7736476450914,,1.2627247921773914,False,freq_o,ibm_cusco,2023-07-27 11:20:21.896000+03:00,Q116,a34af81b-9649-49a0-893e-c44e98aabcb2
0.40000000000063396,2.4515779494413565,,1.2627247921773914,False,b_PO,ibm_cusco,2023-07-27 11:20:21.896000+03:00,Q116,a34af81b-9649-49a0-893e-c44e98aabcb2
0.00017041990507313777,5.276229678823363e-06,,1.2627247921773914,False,T2_PO,ibm_cusco,2023-07-27 11:20:21.896000+03:00,Q116,a34af81b-9649-49a0-893e-c44e98aabcb2
0.4787383572737644,0.002473137991001639,,1.2627247921773914,False,A_PO,ibm_cusco,2023-07-27 11:20:21.896000+03:00,Q116,a34af81b-9649-49a0-893e-c44e98aabcb2
0.5038222975017521,0.0008894582919523637,,1.2627247921773914,False,B_PO,ibm_cusco,2023-07-27 11:20:21.896000+03:00,Q116,a34af81b-9649-49a0-893e-c44e98aabcb2
0.004959024500158035,0.008581610414012055,,1.2627247921773914,False,phi_PO,ibm_cusco,2023-07-27 11:20:21.896000+03:00,Q116,a34af81b-9649-49a0-893e-c44e98aabcb2
129402.04964474932,915.0271193636836,,1.1459004364275471,False,Delta_PO,ibm_cusco,2023-07-27 11:20:21.896000+03:00,Q118,a34af81b-9649-49a0-893e-c44e98aabcb2
26742.36315390213,722.2014009708687,,1.1459004364275471,False,nu_PO,ibm_cusco,2023-07-27 11:20:21.896000+03:00,Q118,a34af81b-9649-49a0-893e-c44e98aabcb2
152659.68649084718,957.0216872592605,,1.1459004364275471,False,freq_e,ibm_cusco,2023-07-27 11:20:21.896000+03:00,Q118,a34af81b-9649-49a0-893e-c44e98aabcb2
206144.41279865144,1342.3145963543755,,1.1459004364275471,False,freq_o,ibm_cusco,2023-07-27 11:20:21.896000+03:00,Q118,a34af81b-9649-49a0-893e-c44e98aabcb2
0.40000000000000013,0.020802207948678555,,1.1459004364275471,False,b_PO,ibm_cusco,2023-07-27 11:20:21.896000+03:00,Q118,a34af81b-9649-49a0-893e-c44e98aabcb2
1.0475706160510868e-05,5.254499227780521e-07,,1.1459004364275471,False,T2_PO,ibm_cusco,2023-07-27 11:20:21.896000+03:00,Q118,a34af81b-9649-49a0-893e-c44e98aabcb2
0.41246744453636774,0.0032467147011579094,,1.1459004364275471,False,A_PO,ibm_cusco,2023-07-27 11:20:21.896000+03:00,Q118,a34af81b-9649-49a0-893e-c44e98aabcb2
0.5787688338196877,0.0009934634194554478,,1.1459004364275471,False,B_PO,ibm_cusco,2023-07-27 11:20:21.896000+03:00,Q118,a34af81b-9649-49a0-893e-c44e98aabcb2
0.0018186171152490519,0.030198037932763613,,1.1459004364275471,False,phi_PO,ibm_cusco,2023-07-27 11:20:21.896000+03:00,Q118,a34af81b-9649-49a0-893e-c44e98aabcb2
3604.8946862157754,12.583949606196418,,0.9314087545516703,False,Delta_PO,ibm_cusco,2023-07-27 11:20:21.896000+03:00,Q120,a34af81b-9649-49a0-893e-c44e98aabcb2
4454.441437522077,9.3970386924392,,0.9314087545516703,False,nu_PO,ibm_cusco,2023-07-27 11:20:21.896000+03:00,Q120,a34af81b-9649-49a0-893e-c44e98aabcb2
49150.4532486937,15.743309466264884,,0.9314087545516703,False,freq_e,ibm_cusco,2023-07-27 11:20:21.896000+03:00,Q120,a34af81b-9649-49a0-893e-c44e98aabcb2
58059.336123737856,15.667432936074603,,0.9314087545516703,False,freq_o,ibm_cusco,2023-07-27 11:20:21.896000+03:00,Q120,a34af81b-9649-49a0-893e-c44e98aabcb2
0.5024225335138719,0.0032527526157069093,,0.9314087545516703,False,b_PO,ibm_cusco,2023-07-27 11:20:21.896000+03:00,Q120,a34af81b-9649-49a0-893e-c44e98aabcb2
0.00026027120404055557,4.141659815594311e-06,,0.9314087545516703,False,T2_PO,ibm_cusco,2023-07-27 11:20:21.896000+03:00,Q120,a34af81b-9649-49a0-893e-c44e98aabcb2
0.4819138001988256,0.0024160049082546944,,0.9314087545516703,False,A_PO,ibm_cusco,2023-07-27 11:20:21.896000+03:00,Q120,a34af81b-9649-49a0-893e-c44e98aabcb2
0.5021082739192969,0.0009156640919757612,,0.9314087545516703,False,B_PO,ibm_cusco,2023-07-27 11:20:21.896000+03:00,Q120,a34af81b-9649-49a0-893e-c44e98aabcb2
-0.019948623721293707,0.008637223794616495,,0.9314087545516703,False,phi_PO,ibm_cusco,2023-07-27 11:20:21.896000+03:00,Q120,a34af81b-9649-49a0-893e-c44e98aabcb2
-12440.149593830021,194.03899587737095,,1.0911551088823872,False,Delta_PO,ibm_cusco,2023-07-27 11:20:21.896000+03:00,Q122,a34af81b-9649-49a0-893e-c44e98aabcb2
2117.4616647294206,99.72866352188466,,1.0911551088823872,False,nu_PO,ibm_cusco,2023-07-27 11:20:21.896000+03:00,Q122,a34af81b-9649-49a0-893e-c44e98aabcb2
35442.38874144056,178.26682035308406,,1.0911551088823872,False,freq_e,ibm_cusco,2023-07-27 11:20:21.896000+03:00,Q122,a34af81b-9649-49a0-893e-c44e98aabcb2
39677.3120708994,251.82298794812314,,1.0911551088823872,False,freq_o,ibm_cusco,2023-07-27 11:20:21.896000+03:00,Q122,a34af81b-9649-49a0-893e-c44e98aabcb2
0.40000000000000013,0.03293168864083653,,1.0911551088823872,False,b_PO,ibm_cusco,2023-07-27 11:20:21.896000+03:00,Q122,a34af81b-9649-49a0-893e-c44e98aabcb2
4.7687554190896976e-05,1.6734354743374089e-06,,1.0911551088823872,False,T2_PO,ibm_cusco,2023-07-27 11:20:21.896000+03:00,Q122,a34af81b-9649-49a0-893e-c44e98aabcb2
0.41057440889728736,0.0049271378263185785,,1.0911551088823872,False,A_PO,ibm_cusco,2023-07-27 11:20:21.896000+03:00,Q122,a34af81b-9649-49a0-893e-c44e98aabcb2
0.5177530340148253,0.0009957130929850921,,1.0911551088823872,False,B_PO,ibm_cusco,2023-07-27 11:20:21.896000+03:00,Q122,a34af81b-9649-49a0-893e-c44e98aabcb2
0.020584818493542264,0.01592696387364699,,1.0911551088823872,False,phi_PO,ibm_cusco,2023-07-27 11:20:21.896000+03:00,Q122,a34af81b-9649-49a0-893e-c44e98aabcb2
979.0516156839003,100.53419679723525,,0.952134231489831,False,Delta_PO,ibm_cusco,2023-07-27 11:20:21.896000+03:00,Q124,a34af81b-9649-49a0-893e-c44e98aabcb2
1834.251265440722,49.076093400034644,,0.952134231489831,False,nu_PO,ibm_cusco,2023-07-27 11:20:21.896000+03:00,Q124,a34af81b-9649-49a0-893e-c44e98aabcb2
49144.80035024318,116.56390334611822,,0.952134231489831,False,freq_e,ibm_cusco,2023-07-27 11:20:21.896000+03:00,Q124,a34af81b-9649-49a0-893e-c44e98aabcb2
52813.302881124626,106.97678147553844,,0.952134231489831,False,freq_o,ibm_cusco,2023-07-27 11:20:21.896000+03:00,Q124,a34af81b-9649-49a0-893e-c44e98aabcb2
0.5254038525893905,0.01941283759159622,,0.952134231489831,False,b_PO,ibm_cusco,2023-07-27 11:20:21.896000+03:00,Q124,a34af81b-9649-49a0-893e-c44e98aabcb2
6.274382136859656e-05,1.5540272729037707e-06,,0.952134231489831,False,T2_PO,ibm_cusco,2023-07-27 11:20:21.896000+03:00,Q124,a34af81b-9649-49a0-893e-c44e98aabcb2
0.4542466050953912,0.0030868016775520007,,0.952134231489831,False,A_PO,ibm_cusco,2023-07-27 11:20:21.896000+03:00,Q124,a34af81b-9649-49a0-893e-c44e98aabcb2
0.5233486451122777,0.0009760457873178243,,0.952134231489831,False,B_PO,ibm_cusco,2023-07-27 11:20:21.896000+03:00,Q124,a34af81b-9649-49a0-893e-c44e98aabcb2
0.03447918706677148,0.012549177807466609,,0.952134231489831,False,phi_PO,ibm_cusco,2023-07-27 11:20:21.896000+03:00,Q124,a34af81b-9649-49a0-893e-c44e98aabcb2
-10431.547604154359,1049.044650438465,,1.4197792374659213,False,Delta_PO,ibm_cusco,2023-07-27 11:20:21.896000+03:00,Q126,a34af81b-9649-49a0-893e-c44e98aabcb2
18543.534875295798,700.9474937495316,,1.4197792374659213,False,nu_PO,ibm_cusco,2023-07-27 11:20:21.896000+03:00,Q126,a34af81b-9649-49a0-893e-c44e98aabcb2
21024.91752054984,1465.0758339843906,,1.4197792374659213,False,freq_e,ibm_cusco,2023-07-27 11:20:21.896000+03:00,Q126,a34af81b-9649-49a0-893e-c44e98aabcb2
58111.987271141435,1018.4286601866446,,1.4197792374659213,False,freq_o,ibm_cusco,2023-07-27 11:20:21.896000+03:00,Q126,a34af81b-9649-49a0-893e-c44e98aabcb2
0.5999999999999999,0.025105773659144265,,1.4197792374659213,False,b_PO,ibm_cusco,2023-07-27 11:20:21.896000+03:00,Q126,a34af81b-9649-49a0-893e-c44e98aabcb2
1.0000000000000003e-05,5.199309070605228e-07,,1.4197792374659213,False,T2_PO,ibm_cusco,2023-07-27 11:20:21.896000+03:00,Q126,a34af81b-9649-49a0-893e-c44e98aabcb2
0.4520970432901748,0.004929746378453264,,1.4197792374659213,False,A_PO,ibm_cusco,2023-07-27 11:20:21.896000+03:00,Q126,a34af81b-9649-49a0-893e-c44e98aabcb2
0.5128175113320788,0.001032371693005061,,1.4197792374659213,False,B_PO,ibm_cusco,2023-07-27 11:20:21.896000+03:00,Q126,a34af81b-9649-49a0-893e-c44e98aabcb2
0.010098498657798721,0.027962380932783908,,1.4197792374659213,False,phi_PO,ibm_cusco,2023-07-27 11:20:21.896000+03:00,Q126,a34af81b-9649-49a0-893e-c44e98aabcb2
